종목코드,배수,대표지수,구성종목수,순자산총액,상장주식수,ISIN,종목명
0004G0,1.0,Solactive U.S. Dividend TOP 30 Index PR,31,142,1500000,KR70004G0002,1Q 미국배당TOP30
495330,1.0,코리아 밸류업 지수,100,1376,4300000,KR7495330003,1Q 코리아밸류업
0139P0,1.0,KRX-Akros 고배당주 20 지수,21,501,3700000,KR70139P0009,ACE 고배당주
460960,1.0,Solactive Global Superior Income TOP 10 Price Return Index,11,875,7650000,KR7460960008,ACE 글로벌인컴TOP10
0085P0,1.0,ICE U.S. Treasury 7-10 Year Bond Index (Total Return),16,1019,10500000,KR70085P0003,ACE 미국10년국채액티브
0085N0,1.0,ICE U.S. Treasury 7-10 Year Bond Index (Total Return),16,321,3700000,KR70085N0005,ACE 미국10년국채액티브(H)
476760,1.0,Bloomberg U.S Treasury 20+ Year Total Return Index,25,3512,38400000,KR7476760004,ACE 미국30년국채액티브
453850,1.0,Bloomberg U.S Treasury 20+ Year Total Return Index,32,14974,209700000,KR7453850000,ACE 미국30년국채액티브(H)
476750,1.0,Bloomberg U.S. Treasury 20+ Year Total Return Index T1530 JPY Currency Hedged,24,607,8100000,KR7476750005,ACE 미국30년국채엔화노출액티브(H)
480030,1.0,Bloomberg US 500 Large Cap Premium Decrement 15% Distribution Index,3,1646,16000000,KR7480030006,ACE 미국500데일리타겟커버드콜(합성)
480040,1.0,Bloomberg US Listed Semiconductor Premium Decrement 15% Distribution Index,3,2002,12800000,KR7480040005,ACE 미국반도체데일리타겟커버드콜(합성)
402970,1.0,Dow Jones U.S. Dividend 100 Price Return Index,100,9716,62100000,KR7402970008,ACE 미국배당다우존스
0046Y0,1.0,WisdomTree U.S. Quality Dividend Growth Index (Price Return),168,555,4250000,KR70046Y0000,ACE 미국배당퀄리티
0049M0,1.0,Bloomberg WisdomTree U.S. Quality Dividend & B500 Premium Decrement 50:50 Index,206,804,6900000,KR70049M0001,ACE 미국배당퀄리티+커버드콜액티브
0049K0,1.0,Bloomberg WisdomTree U.S. Quality Dividend & Short Term KRW Bonds 50:50 TR Index,215,255,2250000,KR70049K0003,ACE 미국배당퀄리티채권혼합50
181480,1.0,Dow Jones U.S. Real Estate Index,2,102,120000,KR7181480005,ACE 미국부동산리츠(합성 H)
480020,1.0,Bloomberg US Big Tech Top 7 Plus Premium Decrement 15% Distribution Index,3,1666,15600000,KR7480020007,ACE 미국빅테크7+데일리타겟커버드콜(합성)
455660,1.0,iBoxx USD Liquid High Yield Total Return Index,17,625,6600000,KR7455660001,ACE 미국하이일드액티브(H)
316300,1.0,Morningstar Singapore REIT Yield Focus Index(PR),20,67,500000,KR7316300003,ACE 싱가포르리츠
0073X0,1.0,KEDI 알리바바미국채커버드콜혼합지수(TR),9,52,550000,KR70073X0007,FOCUS 알리바바미국채커버드콜혼합
322410,1.0,FnGuide 고배당 알파 지수 (시장가격),41,389,1700000,KR7322410002,HANARO K고배당
432840,1.0,S&P 500,503,163,800000,KR7432840007,HANARO 미국S&P500
0111J0,1.0,FnGuide 증권 고배당 TOP3 플러스 지수,11,608,4550000,KR70111J0009,HANARO 증권고배당TOP3플러스
471460,1.0,KIS-키움 국고채30년 지수(총수익지수),5,224,500000,KR7471460006,KIWOOM 국고채30년액티브
429870,0.0,,0,0,0,KR7429870009,KIWOOM 리츠이지스액티브
0127V0,1.0,S&P500 TOP10 생애배당다우존스 2040 지수,111,137,1250000,KR70127V0005,KIWOOM 미국S&P500 TOP10&배당다우비중전환
0127T0,1.0,S&P500 생애배당다우존스 2040 지수,557,137,1200000,KR70127T0009,KIWOOM 미국S&P500&배당다우존스비중전환
0084E0,1.0,Akros 미국대형주500 월간방어적배분 지수(TR),5,116,1150000,KR70084E0007,KIWOOM 미국대형주500월간목표헤지액티브
373790,1.0,Nasdaq US Low Volatility Dividend Achievers Index,54,45,280000,KR7373790005,KIWOOM 미국방어배당성장나스닥
0084D0,1.0,Akros 미국테크100 월간방어적배분 지수(TR),5,94,800000,KR70084D0008,KIWOOM 미국테크100월간목표헤지액티브
0015E0,1.0,Bloomberg Blended NVIDIA and US Long Treasury Bond Index,7,53,500000,KR70015E0001,KIWOOM 엔비디아미국30년국채혼합액티브(H)
104530,1.0,MKF 웰스 고배당 20,21,361,2050000,KR7104530001,KIWOOM 코리아고배당
0015F0,1.0,Bloomberg Blended PALANTIR and US Long Treasury Bond Index,8,126,1300000,KR70015F0000,KIWOOM 팔란티어미국30년국채혼합액티브(H)
0097L0,1.0,Akros 미국AI테크TOP10&한국고배당3070 지수,26,256,2050000,KR70097L0003,KIWOOM 한국고배당&미국AI테크
284430,1.0,코스피200미국채혼합지수,203,20711,98000000,KR7284430006,KODEX 200미국채혼합50
498400,1.0,코스피 200 타겟 15% 위클리 커버드콜 지수,200,59294,291600000,KR7498400001,KODEX 200타겟위클리커버드콜
481050,1.0,KAP 1년은행 CD+추가금리 지수(총수익지수),23,25644,2507700,KR7481050003,KODEX CD1년금리플러스액티브(합성)
459580,1.0,KAP 양도성예금증서(CD)금리지수(총수익지수),27,66321,6170900,KR7459580007,KODEX CD금리액티브(합성)
423160,1.0,KOFR 지수,9,36135,32626000,KR7423160001,KODEX KOFR금리액티브(합성)
329650,1.0,FnGuide TRF 3070 지수,32,2351,16500000,KR7329650006,KODEX TRF3070
329660,1.0,FnGuide TRF 5050 지수,24,855,4700000,KR7329660005,KODEX TRF5050
329670,1.0,FnGuide TRF 7030 지수,19,904,4000000,KR7329670004,KODEX TRF7030
468370,1.0,ICE U.S. Treasury Inflation Linked Bond Index(Total Return),3,183,1700000,KR7468370002,KODEX iShares미국인플레이션국채액티브
468630,1.0,iBoxx USD Liquid Investment Grade Index(Total Return),3,335,3010000,KR7468630009,KODEX iShares미국투자등급회사채액티브
468380,1.0,ICE BofAML US HY Constrained Index(Total Return),3,923,8420000,KR7468380001,KODEX iShares미국하이일드액티브
279530,1.0,FnGuide 고배당 Plus 지수,21,3392,19400000,KR7279530000,KODEX 고배당주
0089D0,1.0,코스피 200 금융 고배당 TOP 10 지수,11,2136,16200000,KR70089D0003,KODEX 금융고배당TOP10
498410,1.0,코스피 200 금융 고배당 TOP 10 타겟 15% 분배 위클리 커버드콜 지수,14,7853,67700000,KR7498410000,KODEX 금융고배당TOP10타겟위클리커버드콜
273140,1.0,KAP 단기변동금리부은행채권지수,14,2802,2447000,KR7273140004,KODEX 단기변동금리부채권액티브
153130,1.0,KRW Cash Index(총수익),13,8103,7162000,KR7153130000,KODEX 단기채권
214980,1.0,KRW Cash PLUS 지수(총수익),44,18393,16067000,KR7214980005,KODEX 단기채권PLUS
0091C0,1.0,KAP 미국 국채 10년 지수(총수익),16,1908,19910000,KR70091C0000,KODEX 미국10년국채액티브(H)
484790,1.0,KEDI-KAP 미국 국채 20+ 지수(TR),10,5903,72010000,KR7484790001,KODEX 미국30년국채액티브(H)
481060,1.0,Bloomberg U.S.Treasury 20+ Year(TLT)+ 12% Premium Covered Call index(TR),5,7672,103550000,KR7481060002,KODEX 미국30년국채타겟커버드콜(합성 H)
483280,1.0,KEDI 미국 AI 테크 TOP10+15%프리미엄 지수(Total Return),12,4794,39400000,KR7483280004,KODEX 미국AI테크TOP10타겟커버드콜
0005A0,1.0,S&P 500 Covered Call 1% OTM Daily Index(TR),507,1967,20000000,KR70005A0007,KODEX 미국S&P500데일리커버드콜OTM
0089C0,1.0,Cboe S&P 500 Volatility Contingent Daily Covered Call Index(Total Retrun),507,521,5000000,KR70089C0004,KODEX 미국S&P500변동성확대시커버드콜
494300,1.0,NASDAQ-100 Daily Covered Call 101 Index(TR),105,9894,104800000,KR7494300007,KODEX 미국나스닥100데일리커버드콜OTM
455030,1.0,Bloomberg SOFR Daily Total Return Index,6,6510,53410000,KR7455030007,KODEX 미국달러SOFR금리액티브(합성)
489250,1.0,Dow Jones U.S. Dividend 100 Price Return Index,100,5958,45000000,KR7489250001,KODEX 미국배당다우존스
483290,1.0,Dow Jones U.S. Dividend 100 10% Premium Covered Call Index(Total Return),102,1758,16600000,KR7483290003,KODEX 미국배당다우존스타겟커버드콜
441640,1.0,S&P 500,37,17109,131300000,KR7441640000,KODEX 미국배당커버드콜액티브
352560,1.0,Dow Jones U.S. Real Estate PR Index,64,346,2850000,KR7352560007,KODEX 미국부동산리츠(H)
0144L0,1.0,NASDAQ 100,60,3578,35900000,KR70144L0006,KODEX 미국성장커버드콜액티브
437080,1.0,Bloomberg MSCI US Aggregate 2bn ex Securitized SRI Capped Index(Total Return),294,2288,2375000,KR7437080005,KODEX 미국종합채권ESG액티브(H)
448330,1.0,Wise 삼성전자채권혼합 지수,11,12808,73300000,KR7448330001,KODEX 삼성전자채권혼합
091170,1.0,KRX 은행,11,2859,17800000,KR7091170001,KODEX 은행
352540,1.0,Tokyo Stock Exchange REIT Index,61,389,3400000,KR7352540009,KODEX 일본부동산리츠(H)
211900,1.0,배당성장50,51,937,3300000,KR7211900006,KODEX 코리아배당성장
237370,1.0,배당성장채권혼합,57,1637,10400000,KR7237370002,KODEX 코리아배당성장채권혼합
475080,1.0,KEDI 테슬라 인컴 프리미엄 밸런스드 지수(TR),15,2848,36350000,KR7475080008,KODEX 테슬라커버드콜채권혼합액티브
476800,1.0,KRX 정보기술,18,4853,114350000,KR7476800008,KODEX 한국부동산리츠인프라
497780,1.0,Solactive 미국천연가스인프라 PR 지수,23,202,1850000,KR7497780007,KoAct 미국천연가스인프라액티브
476850,1.0,종합,60,998,4700000,KR7476850003,KoAct 배당성장액티브
495230,1.0,코리아 밸류업 지수,50,2507,8100000,KR7495230005,KoAct 코리아밸류업액티브
429740,1.0,FnGuide 리츠 지수,15,68,1100000,KR7429740004,PLUS K리츠
161510,1.0,FnGuide 배당주 지수,31,23805,94980000,KR7161510003,PLUS 고배당주
0018C0,1.0,코스피 고배당 위클리 고정 커버드콜 지수,32,797,7550000,KR70018C0000,PLUS 고배당주위클리고정커버드콜
489030,1.0,코스피 고배당 위클리 콜매도 ATM 지수,33,2876,45300000,KR7489030007,PLUS 고배당주위클리커버드콜
251600,1.0,FnGuide 고배당주 채권혼합 지수,43,5949,38600000,KR7251600003,PLUS 고배당주채권혼합
0057H0,1.0,S&P 500 and U.S. Treasury Bill 0-3 Month 50/50 Blend Index (USD),14,817,6800000,KR70057H0007,PLUS 미국S&P500미국채혼합50액티브
0089B0,1.0,Nasdaq-100 US T-Bills 1-3 Month 50/50 Index (USD),112,323,2800000,KR70089B0005,PLUS 미국나스닥100미국채혼합50
332610,1.0,ICE BofaAML 1-3 Year AAA-A US Corporate Index(총수익지수),25,124,96000,KR7332610005,PLUS 미국단기회사채(AAA~A)
494420,1.0,Bloomberg U.S. Dividend Growth Partial Covered Call Index,182,174,1800000,KR7494420003,PLUS 미국배당증가성장주데일리커버드콜
332620,1.0,ICE BofaAML 15+ Year AAA-A US Corporate Index(총수익지수),41,169,187000,KR7332620004,PLUS 미국장기우량회사채
464470,1.0,ICE U.S. Treasury 20+ Year Bond Index(Total Return),12,404,824000,KR7464470004,PLUS 미국채30년액티브
0098N0,1.0,FnGuide 고배당주 플러스 자사주 지수 (PR),31,780,6100000,KR70098N0000,PLUS 자사주매입고배당주
0128D0,1.0,HSTECH 15% Target Premium Weekly Covered Call Index,33,51,700000,KR70128D0006,PLUS 차이나항셍테크위클리타겟커버드콜
495040,1.0,코리아 밸류업 지수,100,877,2750000,KR7495040008,PLUS 코리아밸류업
0132K0,1.0,Akros 테슬라 위클리 커버드콜 채권혼합 지수,11,1070,13450000,KR70132K0001,PLUS 테슬라위클리커버드콜채권혼합
290080,1.0,K200 고배당 커버드콜 ATM,53,127,1750000,KR7290080001,RISE 200고배당커버드콜ATM
475720,1.0,코스피 200 위클리 커버드콜 ATM 지수,199,8048,64700000,KR7475720009,RISE 200위클리커버드콜
464540,0.0,,0,0,0,KR7464540004,RISE 25-03 회사채(AA-이상)액티브
448600,0.0,,0,0,0,KR7448600007,RISE 25-11 회사채(AA-이상)액티브
475380,1.0,Solactive Global Realty Income Index(Price Return),11,281,2700000,KR7475380002,RISE 글로벌리얼티인컴
336160,1.0,KIS 종합채권금융채 2.5-3Y 지수(총수익),12,508,506000,KR7336160007,RISE 금융채액티브
481340,1.0,Bloomberg U.S Treasury 20+ Year Total Return Index,9,242,2750000,KR7481340008,RISE 미국30년국채액티브
472870,1.0,KIS 미국채30년 엔화노출 지수(USD/JPY 헤지)(총수익지수),4,1722,24250000,KR7472870005,RISE 미국30년국채엔화노출(합성 H)
472830,1.0,Bloomberg U.S. Treasury 20+ Year (TLT) 2% OTM Covered Call Index(TR),4,452,5550000,KR7472830009,RISE 미국30년국채커버드콜(합성)
490590,1.0,KEDI 미국 AI밸류체인 90%참여+데일리옵션 프리미엄 지수(TR),20,7896,53450000,KR7490590007,RISE 미국AI밸류체인데일리고정커버드콜
453330,1.0,S&P 500,504,825,4500000,KR7453330003,RISE 미국S&P500(H)
0138T0,1.0,S&P500 10% Daily Fixed Covered Call Index,508,325,3300000,KR70138T0006,RISE 미국S&P500데일리고정커버드콜
0115C0,1.0,Dow Jones U.S. High Dividend 10 Index,11,265,2400000,KR70115C0002,RISE 미국고배당다우존스TOP10
490600,1.0,KEDI 미국 배당100 90%참여+데일리옵션 프리미엄 지수(총수익지수),108,1714,18400000,KR7490600004,RISE 미국배당100데일리고정커버드콜
0013P0,1.0,KEDI 미국 은행 TOP10 지수,11,149,1100000,KR70013P0000,RISE 미국은행TOP10
491620,1.0,KEDI 미국 테크100 90%참여+데일리옵션 프리미엄 지수(TR),101,5508,49800000,KR7491620001,RISE 미국테크100데일리고정커버드콜
136340,1.0,KOBI 크레딧 지수(총수익),32,2768,2653000,KR7136340007,RISE 중기우량회사채
0094L0,1.0,Bloomberg China Tech Select TOP 10 + 12% Target Premium Weekly Index,12,115,1400000,KR70094L0006,RISE 차이나테크TOP10위클리타겟커버드콜
498860,1.0,iSelect 코리아 금융 고배당 지수,14,371,2200000,KR7498860006,RISE 코리아금융고배당
495050,1.0,코리아 밸류업 지수,100,9626,29750000,KR7495050007,RISE 코리아밸류업
0094M0,1.0,코리아 밸류업 위클리 커버드콜 30% 지수,102,2224,12600000,KR70094M0005,RISE 코리아밸류업위클리고정커버드콜
0013R0,1.0,KEDI 테슬라미국30년국채15%타겟프리미엄 혼합지수(TR),2,269,3400000,KR70013R0008,RISE 테슬라미국채타겟커버드콜혼합(합성)
497880,1.0,KAP CD&단기자금시장지수(PR),40,2642,5276000,KR7497880005,SOL CD금리&머니마켓액티브
0022T0,1.0,KEDI 골드인컴프리미엄 지수(NTR),6,710,5200000,KR70022T0005,SOL 국제금커버드콜액티브
484880,1.0,FnGuide 금융지주플러스고배당 지수(PR),11,3743,16700000,KR7484880000,SOL 금융지주플러스고배당
473330,1.0,KEDI 미국 국채 20년+ 커버드콜 지수(NTR),5,2875,34900000,KR7473330009,SOL 미국30년국채커버드콜(합성)
494210,1.0,KEDI 미국퀄리티500+월1%프리미엄 지수(NTR),154,79,700000,KR7494210008,SOL 미국500타겟데일리커버드콜액티브
433330,1.0,S&P 500,503,2983,13100000,KR7433330008,SOL 미국S&P500
0080X0,1.0,S&P 500 and iBoxx $ Treasuries 7-10Y 5050 Blend Index(USD) PR/TR Hybrid,508,781,6900000,KR70080X0008,SOL 미국S&P500미국채혼합50
499150,1.0,S&P500 Yen Hedged Index(PR),503,56,500000,KR7499150001,SOL 미국S&P500엔화노출(H)
446720,1.0,Dow Jones U.S. Dividend 100 Price Return Index,100,10514,74500000,KR7446720005,SOL 미국배당다우존스
452360,1.0,Dow Jones U.S. Dividend 100 Price Return Index,100,2214,16500000,KR7452360001,SOL 미국배당다우존스(H)
493420,1.0,Dow Jones U.S. Dividend 100 Index(TR),100,273,2100000,KR7493420004,SOL 미국배당다우존스2호
490490,1.0,KRX 다우존스 미국배당국채 혼합지수,103,4825,42400000,KR7490490000,SOL 미국배당미국채혼합50
0105E0,1.0,FnGuide 코리아 고배당 지수(PR),31,5396,41500000,KR70105E0002,SOL 코리아고배당
0040Y0,1.0,KEDI 팔란티어커버드콜OTM 채권혼합지수(NTR),8,3560,43700000,KR70040Y0006,SOL 팔란티어커버드콜OTM채권혼합
289480,1.0,K200 커버드콜 ATM,203,286,2300000,KR7289480006,TIGER 200커버드콜
166400,1.0,K200커버드콜 5% OTM,204,116,500000,KR7166400002,TIGER 200커버드콜OTM
0104N0,1.0,코스피 200 타겟 7% 위클리 커버드콜 지수(Price Return),200,2181,10500000,KR70104N0002,TIGER 200타겟위클리커버드콜
499660,1.0,KIS CD+CPI연동금리 월분배 지수,4,4791,478600,KR7499660009,TIGER CD금리플러스액티브(합성)
440340,1.0,INDXX 멀티에셋인컴 지수(시장가격 지수),70,273,2200000,KR7440340008,TIGER 글로벌멀티에셋TIF액티브
476690,1.0,Indxx Global Obesity Treatment Top 2 Plus 지수 (시장가격),11,344,3150000,KR7476690003,TIGER 글로벌비만치료제TOP2Plus
329200,1.0,FnGuide 리츠부동산인프라,15,15338,374750000,KR7329200000,TIGER 리츠부동산인프라
0086C0,1.0,KEDI 리츠부동산인프라TOP10채권혼합지수 (Price Return),11,172,1750000,KR70086C0007,TIGER 리츠부동산인프라10채권혼합액티브
0086B0,1.0,KEDI 리츠부동산인프라TOP10지수 (Price Return),10,468,4900000,KR70086B0008,TIGER 리츠부동산인프라TOP10액티브
341850,1.0,KIS 리츠부동산인프라채권PR 지수,16,92,2000000,KR7341850006,TIGER 리츠부동산인프라채권
476550,1.0,KEDI 미국채30년 위클리 커버드콜30 지수(Total Return),8,7763,114300000,KR7476550009,TIGER 미국30년국채커버드콜액티브(H)
493810,1.0,KEDI 미국AI빅테크10+15%데일리프리미엄 지수(TR),12,2497,21250000,KR7493810006,TIGER 미국AI빅테크10타겟데일리커버드콜
182480,1.0,MSCI US REIT INDEX,105,1308,9400000,KR7182480004,TIGER 미국MSCI리츠(합성 H)
429000,1.0,S&P 500 Dividend Aristocrats 지수 (Price Return),70,1929,13750000,KR7429000003,TIGER 미국S&P500배당귀족
482730,1.0,S&P500 10% Daily Premium Covered Call Index(TR),507,6574,53200000,KR7482730009,TIGER 미국S&P500타겟데일리커버드콜
441680,1.0,Cboe Nasdaq-100 BuyWrite V2 지수 (Total Return),8,2902,27200000,KR7441680006,TIGER 미국나스닥100커버드콜(합성)
486290,1.0,NASDAQ 100 Daily Covered Call Target Premium 15% 지수(TR),106,23859,215650000,KR7486290000,TIGER 미국나스닥100타겟데일리커버드콜
245340,1.0,Dow Jones Industrial Average,31,1485,4000000,KR7245340005,TIGER 미국다우존스30
0008S0,1.0,Dow Jones U.S. Dividend 100 10% Daily Premium Covered Call 지수,103,3039,29750000,KR70008S0004,TIGER 미국배당다우존스타겟데일리커버드콜
458750,1.0,DowJones U.S. Dividend 100 3% Premium Covered Call 지수 (TR),102,686,5200000,KR7458750007,TIGER 미국배당다우존스타겟커버드콜1호
458760,1.0,DowJones U.S. Dividend 100 7% Premium Covered Call 지수 (TR),102,7116,63050000,KR7458760006,TIGER 미국배당다우존스타겟커버드콜2호
0046A0,1.0,ICE 0-3 Month US Treasury Securities 지수,7,3428,34920000,KR70046A0008,TIGER 미국초단기(3개월이하)국채
474220,1.0,Bloomberg U.S. Tech Top10+10% Premium Covered Call Index,12,4307,28300000,KR7474220001,TIGER 미국테크TOP10타겟커버드콜
458260,1.0,iBoxx USD Liquid Investment Grade Index(Price Return),628,2265,4880000,KR7458260007,TIGER 미국투자등급회사채액티브(H)
472150,1.0,K200커버드콜 5% OTM,93,23388,114700000,KR7472150002,TIGER 배당커버드콜액티브
0000D0,1.0,KEDI 엔비디아미국채30년타겟커버드콜혼합지수(TR),9,644,6850000,KR70000D0009,TIGER 엔비디아미국채커버드콜밸런스(합성)
438330,1.0,KIS 투자등급회사채 지수(총수익),77,5397,4670000,KR7438330003,TIGER 우량회사채액티브
466940,1.0,FnGuide 은행고배당플러스TOP10 지수(시장가격 지수),11,7827,29900000,KR7466940004,TIGER 은행고배당플러스TOP10
0052D0,1.0,Dow Jones Korea Dividend 30 지수 (Price Return),31,3475,22150000,KR70052D0006,TIGER 코리아배당다우존스
0104P0,1.0,KRX 다우존스 코리아 배당 30 타겟 7% 위클리 커버드콜 지수,34,202,1800000,KR70104P0000,TIGER 코리아배당다우존스위클리커버드콜
496080,1.0,코리아 밸류업 지수,100,5204,16250000,KR7496080003,TIGER 코리아밸류업
441800,1.0,KOSPI200,34,7853,27600000,KR7441800000,TIME Korea플러스배당액티브
0036D0,1.0,Dow Jones U.S. Dividend 100 Price Return Index,79,651,5000000,KR70036D0007,TIME 미국배당다우존스액티브
448100,1.0,KOSPI200,196,1246,1125000,KR7448100008,WON 200
480460,1.0,DeepSearch 한국부동산TOP3플러스 지수,13,93,1000000,KR7480460005,WON 한국부동산TOP3플러스
451060,1.0,KOSPI200,199,4343,12600000,KR7451060008,1Q 200액티브
0052S0,1.0,S&P 500 and Short-Term Treasury 50/50 Blend Index,461,3294,27600000,KR70052S0009,1Q 미국S&P500미국채혼합50액티브
0069M0,1.0,NASDAQ 100,103,1943,13900000,KR70069M0006,1Q 미국나스닥100
0111P0,1.0,Nasdaq-100 US T-Bills 0-6 Month 50/50 Index,108,3106,27800000,KR70111P0001,1Q 미국나스닥100미국채혼합50액티브
105190,1.0,KOSPI200,200,18988,17600000,KR7105190003,ACE 200
114460,1.0,KTB index(시장가격),4,151,150000,KR7114460009,ACE 국고채3년
446770,1.0,Solactive Global Semiconductor TOP4 Plus Price Return Index,11,16093,20150000,KR7446770000,ACE 글로벌반도체TOP4 Plus
435040,1.0,Bloomberg Global Select Industry Leaders TOP10 Index(PR),11,128,650000,KR7435040001,ACE 글로벌브랜드TOP10
497510,1.0,Solactive Global Big Pharma Index (Price Return),16,92,700000,KR7497510008,ACE 글로벌빅파마
494330,1.0,FnGuide 기업가치 지수(시장가격),33,1706,5250000,KR7494330004,ACE 라이프자산주주가치액티브
0153P0,1.0,FnGuide 맥쿼리인프라 배당 리츠 지수 (시장가격),14,152,1600000,KR70153P0000,ACE 리츠부동산인프라액티브
360200,1.0,S&P 500,501,40526,147300000,KR7360200000,ACE 미국S&P500
309230,1.0,MorningStar Wide Moat Focus Index,56,1186,3680000,KR7309230001,ACE 미국WideMoat동일가중
367380,1.0,NASDAQ 100,104,35423,110400000,KR7367380003,ACE 미국나스닥100
0127M0,1.0,CRSP US Large Cap Value Index(PR),250,1522,11950000,KR70127M0006,ACE 미국대형가치주액티브
0102X0,1.0,NYSE FactSet Europe Defense TOP10 Index (Price Return),11,66,650000,KR70102X0002,ACE 유럽방산TOP10
447430,1.0,FnGuide 올라운드 가치주 시장가격지수,30,478,2950000,KR7447430000,ACE 주주환원가치주액티브
496120,1.0,코리아 밸류업 지수,100,250,750000,KR7496120007,ACE 코리아밸류업
469170,1.0,FnGuide 포스코그룹포커스 지수(시장가격),11,1144,20050000,KR7469170005,ACE 포스코그룹포커스
434960,1.0,KOSPI200,199,758,700000,KR7434960001,DAISHIN343 K200
0174J0,1.0,KRX 프라임 오피스 리츠 지수,12,53,600000,KR70174J0003,DAISHIN343 오피스리츠플러스
0176P0,1.0,AI 반도체 위클리 고정 30% 커버드콜 지수,22,81,650000,KR70176P0003,FOCUS AI반도체위클리고정커버드콜
293180,1.0,KOSPI200,199,4533,4200000,KR7293180006,HANARO 200
407310,1.0,KOSPI 200 Top 10 지수(시장가격),11,199,1150000,KR7407310002,HANARO 200 TOP10
367740,1.0,FnGuide 5G 산업 지수,31,233,550000,KR7367740008,HANARO Fn5G산업
407300,1.0,FnGuide 골프 테마 지수(시장가격),15,59,550000,KR7407300003,HANARO Fn골프테마
346000,0.0,,0,0,0,KR7346000003,HANARO KAP초장기국고채
304760,1.0,KRX 300,297,187,400000,KR7304760002,HANARO KRX300
464060,0.0,,0,0,0,KR7464060003,HANARO 글로벌반도체TOP10 SOLACTIVE
314700,1.0,FnGuide 농업융복합산업지수(시장가격),13,59,550000,KR7314700006,HANARO 농업융복합산업
495750,1.0,코리아 밸류업 지수,100,786,2450000,KR7495750002,HANARO 코리아밸류업
375760,1.0,KRX/S&P 탄소효율 그린뉴딜지수,329,219,900000,KR7375760006,HANARO 탄소효율그린뉴딜
491700,1.0,KOSPI200,199,651,600000,KR7491700001,HK 200
472840,1.0,KOSPI200,199,401,375000,KR7472840008,IBK 200
0005G0,1.0,FnGuide K-AI반도체 코어테크 지수,21,1729,3450000,KR70005G0001,IBK K-AI반도체코어테크
069660,1.0,KOSPI200,189,7532,7000000,KR7069660009,KIWOOM 200
467620,0.0,,0,0,0,KR7467620001,KIWOOM 25-09 미국채권(AA-이상)액티브
464240,1.0,KIS 2609 만기형 크레딧 종합채권 지수(AA-이상)(총수익지수),18,1543,2950000,KR7464240001,KIWOOM 26-09회사채(AA-이상)액티브
100910,1.0,KRX100,101,662,3900000,KR7100910009,KIWOOM KRX100
114470,1.0,KTB index(시장가격),4,529,490000,KR7114470008,KIWOOM 국고채3년
473490,1.0,Solactive Global AI Semiconductor Index (Price Return),16,467,1500000,KR7473490001,KIWOOM 글로벌AI반도체
489860,1.0,NASDAQ OMX Clean Edge Smart Grid Infrastructure Index,100,137,850000,KR7489860007,KIWOOM 글로벌전력GRID인프라
411860,1.0,DAX Index(PR),41,52,300000,KR7411860000,KIWOOM 독일DAX
449770,1.0,S&P 500,504,916,4900000,KR7449770007,KIWOOM 미국S&P500
0137W0,1.0,S&P500 & S&P GSCI 금현물 90/10 혼합지수,504,280,2700000,KR70137W0002,KIWOOM 미국S&P500&GOLD
449780,1.0,S&P 500,504,339,1800000,KR7449780006,KIWOOM 미국S&P500(H)
0137V0,1.0,S&P500 모멘텀 지수,100,959,8050000,KR70137V0003,KIWOOM 미국S&P500모멘텀
453080,1.0,NASDAQ 100,102,901,3900000,KR7453080004,KIWOOM 미국나스닥100(H)
483030,1.0,Solactive Blockbuster Biotech Drugs Index(PR),31,53,450000,KR7483030003,KIWOOM 미국블록버스터바이오테크의약품+
498270,1.0,Solactive U.S. Quantum Computing Index(PR),20,2370,14800000,KR7498270008,KIWOOM 미국양자컴퓨팅
474800,1.0,MSCI US IMI Energy 25/50 Index(Price Return),110,340,2250000,KR7474800000,KIWOOM 미국원유에너지기업
104520,1.0,MKF 블루칩,41,150,1000000,KR7104520002,KIWOOM 블루칩
0183V0,1.0,FnGuide 삼성전자 & SK하이닉스 채권혼합 지수,14,2376,20500000,KR70183V0006,KIWOOM 삼성전자&SK하이닉스채권혼합50
441330,0.0,,0,0,0,KR7441330008,KIWOOM 차이나A50커넥트MSCI
454180,1.0,CSI SH-HK-SZ Consumer Top Index,51,31,400000,KR7454180001,KIWOOM 차이나내수소비TOP CSI
496090,1.0,코리아 밸류업 지수,100,1043,3250000,KR7496090002,KIWOOM 코리아밸류업
469790,1.0,Solactive K-TechTOP10 Index(PR),11,305,700000,KR7469790000,KIWOOM 코리아테크TOP10
153270,1.0,KOSPI100,101,348,420000,KR7153270004,KIWOOM 코스피100
069500,1.0,KOSPI200,200,254325,236250000,KR7069500007,KODEX 200
337160,1.0,코스피 200 ESG 지수,112,1657,3500000,KR7337160006,KODEX 200ESG
252650,1.0,코스피200 동일가중지수,200,131,700000,KR7252650007,KODEX 200동일가중
494890,1.0,KOSPI200,189,10858,35000000,KR7494890007,KODEX 200액티브
251350,1.0,MSCI World,1264,5170,12750000,KR7251350005,KODEX MSCI선진국
433980,1.0,Samsung Korea Target Date 2040 Index (Price Return),18,1895,11700000,KR7433980000,KODEX TDF2040액티브 적격
434060,1.0,Samsung Korea Target Date 2050 Index (Price Return),19,6396,37000000,KR7434060000,KODEX TDF2050액티브 적격
0082V0,1.0,Samsung Korea Target Date 2060 Index,20,1869,16150000,KR70082V0008,KODEX TDF2060액티브 적격
395170,1.0,FnGuide TOP10 동일가중 지수,11,319,2000000,KR7395170004,KODEX Top10동일가중
321410,1.0,Morningstar Multi-Asset High Income 10% Capped Index,16,53,500000,KR7321410003,KODEX 멀티에셋하이인컴(H)
0041D0,1.0,iSelect 미국 AI 소프트웨어 TOP10 지수(PR),11,503,3800000,KR70041D0000,KODEX 미국AI소프트웨어TOP10
485540,1.0,KEDI 미국AI테크 TOP10 지수(PR),11,3083,19750000,KR7485540009,KODEX 미국AI테크TOP10
428560,1.0,Indxx US ETF Industry Top10 Index(Price Return),12,129,800000,KR7428560007,KODEX 미국ETF산업Top10 Indxx
379800,1.0,S&P 500,504,102093,412650000,KR7379800006,KODEX 미국S&P500
449180,1.0,S&P 500,507,10141,58650000,KR7449180009,KODEX 미국S&P500(H)
453650,1.0,S&P Financial Select Sector Index(Price Return),78,452,2250000,KR7453650004,KODEX 미국S&P500금융
276970,1.0,S&P500 Dividend Aristocrats Covered Call(7.2% Premium) Index,3,373,4700000,KR7276970001,KODEX 미국S&P500배당귀족커버드콜(합성 H)
0041E0,1.0,S&P 500,110,1428,8500000,KR70041E0009,KODEX 미국S&P500액티브
463640,1.0,S&P Utilities Select Sector Index(Price Return),33,115,800000,KR7463640003,KODEX 미국S&P500유틸리티
463690,1.0,S&P Communication Services Select Sector Index(Price Return),25,99,550000,KR7463690008,KODEX 미국S&P500커뮤니케이션
463680,1.0,S&P Technology Select Sector Index(Price Return),75,1307,5650000,KR7463680009,KODEX 미국S&P500테크놀로지
453630,1.0,S&P Consumer Staples Select Sector Index(Price Return),36,165,1300000,KR7453630006,KODEX 미국S&P500필수소비재
453640,1.0,S&P Health Care Select Sector Index(Price Return),62,620,4300000,KR7453640005,KODEX 미국S&P500헬스케어
0028X0,1.0,iSelect 미국 차세대 파이낸셜 테크 지수(시장가격),25,140,1150000,KR70028X0003,KODEX 미국금융테크액티브
379810,1.0,NASDAQ 100,103,93776,335750000,KR7379810005,KODEX 미국나스닥100
449190,1.0,NASDAQ 100,104,5675,25350000,KR7449190008,KODEX 미국나스닥100(H)
411420,1.0,Nasdaq CB Insights Metaverse US Index (Price Return),36,1297,4700000,KR7411420003,KODEX 미국나스닥AI테크액티브
390390,1.0,MVIS US Listed Semiconductor 25 Index,26,13329,23900000,KR7390390003,KODEX 미국반도체
314250,1.0,NYSE U.S. Big TECH 10 INDEX,12,6556,10580000,KR7314250002,KODEX 미국빅테크10(H)
473460,1.0,iSelect 서학개미 지수(PR),26,1810,7750000,KR7473460004,KODEX 미국서학개미
390400,1.0,S&P Kensho Smart Transportation Index,89,77,1000000,KR7390400000,KODEX 미국스마트모빌리티S&P
0132H0,1.0,iSelect 미국원자력SMR 지수(Price Return),11,522,5750000,KR70132H0006,KODEX 미국원자력SMR
419420,1.0,Nasdaq Clean Edge Green Energy Index (Price Return),54,119,1200000,KR7419420005,KODEX 미국클린에너지나스닥
491090,1.0,KEDI 미국테크TOP3플러스 지수(Price Return),11,311,1700000,KR7491090007,KODEX 미국테크TOP3플러스
0190G0,1.0,KRX 반도체 타겟9% 분배 위클리 커버드콜 지수,37,1686,19700000,KR70190G0006,KODEX 반도체타겟위클리커버드콜
244670,1.0,FnGuide 밸류PLUS 지수,54,69,600000,KR7244670006,KODEX 밸류Plus
0177N0,1.0,Wise 삼성전자 SK하이닉스 채권혼합 지수,6,15026,107600000,KR70177N0004,KODEX 삼성전자SK하이닉스채권혼합50
446690,1.0,iSelect 아시아반도체 제조동맹 지수(시장가격),26,305,550000,KR7446690000,KODEX 아시아AI반도체exChina액티브
456250,1.0,STOXX Europe Luxury 10 Index(Price Return),11,107,1150000,KR7456250000,KODEX 유럽명품TOP10 STOXX
0000H0,1.0,Nifty Midcap 100 Index(PR),101,125,1150000,KR70000H0005,KODEX 인도Nifty미드캡100
477730,1.0,Nifty India Corporate Group Index - Tata Group 25% Cap(PR),11,236,3000000,KR7477730006,KODEX 인도타타그룹
101280,1.0,TOPIX100,101,534,1700000,KR7101280006,KODEX 일본TOPIX100
091180,1.0,KRX 자동차,21,4296,14200000,KR7091180000,KODEX 자동차
0153K0,1.0,Akros 주주환원 고배당 지수 (Price Return),31,1504,12400000,KR70153K0005,KODEX 주주환원고배당주
428510,1.0,Bloomberg China Media & Tech Index(Price Return),34,560,2200000,KR7428510002,KODEX 차이나AI테크액티브
283580,1.0,CSI 300,303,2654,16650000,KR7283580009,KODEX 차이나CSI300
099140,1.0,HSCEI (Hang Seng China Enterprise Index),52,339,1550000,KR7099140006,KODEX 차이나H
0065G0,1.0,Hang Seng China Tech Top 10 Select Index (HKD) (Price Return),11,240,2550000,KR70065G0008,KODEX 차이나테크TOP10
372330,1.0,Hang Seng TECH Index,32,1220,16500000,KR7372330001,KODEX 차이나항셍테크
0048K0,1.0,Solactive China Humanoid Robotics Index (CNH) (Price Return),21,1599,17050000,KR70048K0004,KODEX 차이나휴머노이드로봇
117680,1.0,KRX 철강,21,284,2310000,KR7117680009,KODEX 철강
375770,1.0,KRX/S&P 탄소효율 그린뉴딜지수,514,444,1800000,KR7375770005,KODEX 탄소효율그린뉴딜
459560,1.0,FactSet TSLA Value Chain Index(PR),26,338,1500000,KR7459560009,KODEX 테슬라밸류체인FactSet
298770,1.0,한국 대만 IT 프리미어지수(KRW),79,896,1100000,KR7298770009,KODEX 한국대만IT프리미어
152100,1.0,KOSPI200,199,15517,14050000,KR7152100004,PLUS 200
269530,1.0,S&P Global Infrastructure Index,77,124,600000,KR7269530002,PLUS S&P글로벌인프라
251590,1.0,FnGuide 고배당저변동50 지수,51,119,700000,KR7251590006,PLUS 고배당저변동50
494410,1.0,S&P 500 Growth Index(PR),149,326,2200000,KR7494410004,PLUS 미국S&P500성장주
0153X0,1.0,Akros 미국 고배당주 20 지수,21,220,1950000,KR70153X0000,PLUS 미국고배당주액티브
447660,1.0,FnGuide 애플채권혼합 지수,10,224,1650000,KR7447660002,PLUS 애플채권혼합
227830,1.0,종합,700,176,250000,KR7227830007,PLUS 코스피
122090,1.0,KOSPI50,51,1861,2310000,KR7122090004,PLUS 코스피50
148020,1.0,KOSPI200,199,46044,42550000,KR7148020001,RISE 200
284980,1.0,K금융,23,191,860000,KR7284980000,RISE 200금융
270800,1.0,FnGuide KQ고배당포커스지수,63,87,550000,KR7270800006,RISE KQ고배당
292050,1.0,KRX 300,298,171,350000,KR7292050002,RISE KRX300
266160,1.0,FnGuide 고배당포커스 지수,80,2081,6400000,KR7266160001,RISE 고배당
114100,1.0,KTB index(시장가격),5,1004,941000,KR7114100001,RISE 국고채3년
379780,1.0,S&P 500,504,15675,65700000,KR7379780000,RISE 미국S&P500
368590,1.0,NASDAQ 100,103,15796,50600000,KR7368590006,RISE 미국나스닥100
469060,1.0,NYSE Semicondoctor Index(Price Return),31,819,2300000,KR7469060008,RISE 미국반도체NYSE
469050,1.0,NYSE Semicondoctor Index(Price Return),32,361,1100000,KR7469050009,RISE 미국반도체NYSE(H)
0093B0,1.0,KEDI 엔비디아고정테크100 지수(PR),98,118,900000,KR70093B0009,RISE 엔비디아고정테크100
281990,1.0,FnGuide 중소형고배당포커스지수(시장가격지수),70,98,550000,KR7281990002,RISE 중소형고배당
302450,1.0,종합,677,2187,3050000,KR7302450002,RISE 코스피
0047P0,1.0,KEDI 테슬라고정테크100 지수(PR),98,227,1550000,KR70047P0000,RISE 테슬라고정테크100
0047R0,1.0,KEDI 팔란티어고정테크100 지수(PR),98,274,1750000,KR70047R0008,RISE 팔란티어고정테크100
411540,1.0,KOSPI 200 Top 10 지수(시장가격),11,248,1400000,KR7411540008,SOL 200 Top10
0167B0,1.0,코스피 200 타겟 15% 위클리 커버드콜 지수,201,6753,57100000,KR70167B0000,SOL 200타겟위클리커버드콜
292500,1.0,KRX 300,299,243,500000,KR7292500006,SOL KRX300
404650,1.0,KRX 기후변화 솔루션지수,27,143,600000,KR7404650004,SOL KRX기후변화솔루션
399110,1.0,S&P500 Scored&Screened(PR),331,1218,5600000,KR7399110006,SOL 미국S&P500ESG
476030,1.0,NASDAQ 100,104,1328,7500000,KR7476030002,SOL 미국나스닥100
0152E0,1.0,FnGuide 배당성향탑픽 지수(PR),19,266,2400000,KR70152E0004,SOL 배당성향탑픽액티브
102110,1.0,KOSPI200,199,103538,96150000,KR7102110004,TIGER 200
139260,1.0,K정보기술,17,27354,20140000,KR7139260004,TIGER 200 IT
139270,1.0,K금융,23,310,1860000,KR7139270003,TIGER 200 금융
252000,1.0,코스피200 동일가중지수,200,98,500000,KR7252000005,TIGER 200동일가중
292160,1.0,KRX 300,299,239,500000,KR7292160009,TIGER KRX300
404540,1.0,KRX 기후변화 솔루션지수,27,83,400000,KR7404540007,TIGER KRX기후변화솔루션
445910,1.0,MKF 배당귀족 지수(시장가격지수),31,198,950000,KR7445910003,TIGER MKF배당귀족
269370,1.0,S&P Global Infrastructure Index,4,124,700000,KR7269370003,TIGER S&P글로벌인프라(합성)
237440,1.0,필수소비재채권혼합,49,103,1000000,KR7237440003,TIGER 경기방어채권혼합
480310,1.0,Mirae Asset Global On-Device AI 지수 (PR),17,527,2700000,KR7480310002,TIGER 글로벌온디바이스AI
105010,1.0,BNY Latin America 35 ADR Index,36,87,1400000,KR7105010003,TIGER 라틴35
360750,1.0,S&P 500,504,207955,761500000,KR7360750004,TIGER 미국S&P500
448290,1.0,S&P 500,504,4610,25650000,KR7448290007,TIGER 미국S&P500(H)
488500,1.0,S&P 500 Equal Weight Index(PR),504,1188,9000000,KR7488500000,TIGER 미국S&P500동일가중
133690,1.0,NASDAQ 100,103,116563,62270000,KR7133690008,TIGER 미국나스닥100
448300,1.0,NASDAQ 100,103,3538,15300000,KR7448300004,TIGER 미국나스닥100(H)
435420,1.0,FnGuide 나스닥100 채권혼합50 지수(총수익 지수),108,4960,34600000,KR7435420005,TIGER 미국나스닥100채권혼합50
494840,1.0,Mirae Asset US Defense Top 10 Index(PR),11,484,3400000,KR7494840002,TIGER 미국방산TOP10
497570,1.0,PHLX US AI Semiconductor 지수 (PR),19,11686,51400000,KR7497570002,TIGER 미국필라델피아AI반도체나스닥
423920,2.0,PHLX Semiconductor Sector Index,9,6681,6860000,KR7423920008,TIGER 미국필라델피아반도체레버리지(합성)
091230,1.0,KRX 반도체,35,13520,10260000,KR7091230003,TIGER 반도체
211560,1.0,배당성장50,51,746,2100000,KR7211560008,TIGER 배당성장
091220,1.0,KRX 은행,11,206,1300000,KR7091220004,TIGER 은행
453870,1.0,Nifty 50 Index,51,3020,25050000,KR7453870008,TIGER 인도니프티50
479730,1.0,Mirae Asset India Billion Consumer 지수(PR),21,620,5900000,KR7479730004,TIGER 인도빌리언컨슈머
465660,1.0,FactSet Japan Semiconductor Index(PR),44,350,1350000,KR7465660009,TIGER 일본반도체FACTSET
245360,1.0,HSCEI (Hang Seng China Enterprise Index),51,271,2150000,KR7245360003,TIGER 차이나HSCEI
371160,1.0,Hang Seng TECH Index,31,6054,81850000,KR7371160003,TIGER 차이나항셍테크
0053L0,1.0,Mirae Asset China Humanoid Robot 지수(PR),21,2739,26000000,KR70053L0005,TIGER 차이나휴머노이드로봇
292150,1.0,FnGuide TOP10 지수,11,20390,54000000,KR7292150000,TIGER 코리아TOP10
277630,1.0,종합,593,4653,6550000,KR7277630000,TIGER 코스피
210780,1.0,고배당50,51,765,3300000,KR7210780003,TIGER 코스피고배당
376410,1.0,KRX/S&P 탄소효율 그린뉴딜지수,632,220,900000,KR7376410007,TIGER 탄소효율그린뉴딜
447770,1.0,FnGuide 테슬라채권혼합 지수,8,4337,32000000,KR7447770009,TIGER 테슬라채권혼합Fn
0060H0,1.0,FTSE Global All Cap Index(PR),1562,4067,30400000,KR70060H0002,TIGER 토탈월드스탁액티브
108590,1.0,KOSPI200,197,214,200000,KR7108590001,TREX 200
145850,1.0,FnGuide-RAFI 코리아200 지수,195,294,250000,KR7145850004,TREX 펀더멘탈 200
452440,0.0,,0,0,0,KR7452440001,VITA 밸류알파액티브
402460,1.0,FnGuide K-메타버스 MZ 지수(시장가격),31,74,500000,KR7402460000,HANARO Fn K-메타버스MZ
227560,1.0,K생활소비재,29,30,240000,KR7227560000,TIGER 200 생활소비재
139250,1.0,K에너지화학,28,243,1380000,KR7139250005,TIGER 200 에너지화학
315270,1.0,K커뮤니케이션서비스,11,65,320000,KR7315270009,TIGER 200커뮤니케이션서비스
228820,1.0,KTOP 30,31,200,1050000,KR7228820007,TIGER KTOP30
289250,1.0,MSCI Korea ESG Universal Index,75,238,690000,KR7289250003,TIGER MSCI KOREA ESG유니버설
139280,1.0,K200경기방어소비재,46,423,3280000,KR7139280002,TIGER 경기방어
174350,1.0,FnGuide 로우볼 지수,41,91,420000,KR7174350009,TIGER 로우볼
261140,1.0,우선주,20,328,1340000,KR7261140008,TIGER 우선주
277640,1.0,대형주,100,670,1800000,KR7277640009,TIGER 코스피대형주
152870,1.0,KOSPI200,199,1521,1400000,KR7152870002,파워 200
192720,1.0,K고배당,51,297,510000,KR7192720001,파워 고배당저변동성
140950,1.0,KOSPI100,101,473,560000,KR7140950007,파워 코스피100
0103T0,1.0,iSelect K소버린AI 지수,16,276,3000000,KR70103T0007,1Q K소버린AI
0083S0,1.0,KEDI 미국메디컬AI 지수,16,302,2900000,KR70083S0002,1Q 미국메디컬AI
0094X0,1.0,Solactive-KEDI Xiaomi Focus China Tech Index,21,78,900000,KR70094X0002,1Q 샤오미밸류체인액티브
0199C0,1.0,KRX-Akros 고배당주 20 위클리 고정 30% 커버드콜 지수,23,1261,13600000,KR70199C0001,ACE 고배당주Plus커버드콜액티브
0127P0,1.0,CRSP US Large Cap Growth Index(PR),115,6977,63650000,KR70127P0003,ACE 미국대형성장주액티브
0098Z0,1.0,KOSPI200,199,689,750000,KR70098Z0006,FOCUS 200
395270,1.0,FnGuide K-반도체 지수 (시장가격),21,35761,63550000,KR7395270002,HANARO Fn K-반도체
438900,1.0,FnGuide K-푸드 지수 (시장가격),16,138,1250000,KR7438900003,HANARO Fn K-푸드
381560,1.0,FnGuide 전기&수소차 지수 (시장가격),31,361,2000000,KR7381560002,HANARO Fn전기&수소차
381570,1.0,FnGuide 친환경에너지 지수 (시장가격),20,87,850000,KR7381570001,HANARO Fn친환경에너지
473640,1.0,NYSE Arca Gold Miners Index (Price Return),104,656,1950000,KR7473640001,HANARO 글로벌금채굴기업
488200,1.0,Solactive K-Battery North America Supply Chain 지수,16,56,450000,KR7488200007,KIWOOM K-2차전지북미공급망
450120,0.0,,0,0,0,KR7450120001,KIWOOM SK그룹대표주
473500,0.0,,0,0,0,KR7473500007,KIWOOM 글로벌전력반도체
426330,0.0,,0,0,0,KR7426330007,KIWOOM 미국ETF산업STOXX
0194N0,2.0,KRX 삼성전자 선물 지수,3,104,875000,KR70194N0003,KIWOOM 삼성전자선물단일종목레버리지
226980,1.0,K200중소형주,100,206,900000,KR7226980001,KODEX 200 중소형
337150,1.0,코스피200 초대형 제외지수,197,155,600000,KR7337150007,KODEX 200exTOP
223190,1.0,K200가치저변동성,193,283,1000000,KR7223190000,KODEX 200가치저변동
461950,1.0,FnGuide 2차전지핵심소재10 지수,11,1690,34550000,KR7461950008,KODEX 2차전지핵심소재10
471990,1.0,iSelect AI 반도체핵심장비 지수,19,3809,16350000,KR7471990002,KODEX AI반도체핵심장비
487240,1.0,iSelect AI 전력핵심설비 지수(Price Return),13,32688,87700000,KR7487240004,KODEX AI전력핵심설비
292190,1.0,KRX 300,299,762,1600000,KR7292190006,KODEX KRX300
229720,1.0,KTOP 30,31,189,500000,KR7229720008,KODEX KTOP30
289040,1.0,MSCI Korea ESG Universal Capped Index,75,198,600000,KR7289040008,KODEX MSCI KOREA ESG유니버설
156080,1.0,MSCI Korea Index,78,307,600000,KR7156080004,KODEX MSCI Korea
117700,1.0,KRX 건설,22,1942,28700000,KR7117700005,KODEX 건설
266390,1.0,KRX 경기소비재,38,134,900000,KR7266390004,KODEX 경기소비재
404260,1.0,KRX 기후변화 솔루션지수,27,214,900000,KR7404260002,KODEX 기후변화솔루션
445290,1.0,iSelect K-로봇테마 지수,33,11355,34850000,KR7445290000,KODEX 로봇액티브
337120,1.0,FnGuide 멀티팩터 지수,240,205,600000,KR7337120000,KODEX 멀티팩터
244620,1.0,FnGuide 모멘텀PLUS 지수,56,144,700000,KR7244620001,KODEX 모멘텀Plus
275280,1.0,MSCI Korea IMI Momentum Capped,193,380,900000,KR7275280006,KODEX 모멘텀주
0151S0,1.0,Akros 미국 AI 반도체 Top 3 플러스 지수 (Price Return),11,2158,13750000,KR70151S0009,KODEX 미국AI반도체TOP3플러스
0144M0,1.0,iSelect 미국드론UAM TOP10 지수(Price Return),11,232,2850000,KR70144M0005,KODEX 미국드론UAM TOP10
140700,1.0,KRX 보험,12,485,2500000,KR7140700006,KODEX 보험
213610,1.0,WISE 삼성그룹 밸류 인덱스,17,2686,11900000,KR7213610009,KODEX 삼성그룹밸류
325010,1.0,FnGuide 성장 지수(PR),312,1292,3000000,KR7325010007,KODEX 성장주
117460,1.0,KRX 에너지화학,39,304,2170000,KR7117460006,KODEX 에너지화학
275300,1.0,MSCI Korea IMI Quality Capped,124,510,1700000,KR7275300002,KODEX 우량주
140710,1.0,KRX 운송,13,107,1700000,KR7140710005,KODEX 운송
102970,1.0,KRX 증권,15,7559,38850000,KR7102970001,KODEX 증권
0162L0,1.0,Indxx China AI Semiconductor Top 10 Index (Price Return),11,899,6400000,KR70162L0003,KODEX 차이나AI반도체TOP10
279540,1.0,KRX 최소변동성지수,135,127,600000,KR7279540009,KODEX 최소변동성
445150,1.0,FnGuide K-친환경선박 지수,24,540,1850000,KR7445150006,KODEX 친환경조선해운액티브
226490,1.0,종합,722,11061,15800000,KR7226490001,KODEX 코스피
237350,1.0,KOSPI100,101,9784,11400000,KR7237350004,KODEX 코스피100
337140,1.0,대형주,100,793,2200000,KR7337140008,KODEX 코스피대형주
244660,1.0,FnGuide 퀄리티PLUS 지수,51,47,500000,KR7244660007,KODEX 퀄리티Plus
266410,1.0,KRX 필수소비재,37,155,1600000,KR7266410000,KODEX 필수소비재
364690,1.0,종합,187,235,600000,KR7364690008,KODEX 혁신기술테마액티브
0203D0,1.0,코스피 200 KTB 혼합 위클리 고정 10% 커버드콜 지수,193,98,1100000,KR70203D0004,PLUS 200위클리커버드콜채권혼합
0090B0,1.0,Akros K방산소부장 지수(PR),11,163,2200000,KR70090B0002,PLUS K방산소부장
0007G0,1.0,Solactive Global Nuclear Energy Value Chain Index(PR),12,428,3000000,KR70007G0009,PLUS 글로벌원자력밸류체인
0035T0,1.0,iSelect 글로벌휴머노이드로봇 (PR),34,997,4800000,KR70035T0000,PLUS 글로벌휴머노이드로봇액티브
0050E0,1.0,Solactive US AI Agents Index(PR),16,41,500000,KR70050E0007,PLUS 미국AI에이전트
0078V0,1.0,KEDI 미국로보택시 지수(PR),14,49,500000,KR70078V0004,PLUS 미국로보택시
0023B0,1.0,iSelect 미국양자컴퓨팅 TOP10 (PR),11,355,2050000,KR70023B0004,PLUS 미국양자컴퓨팅TOP10
0047N0,1.0,Solactive China AI Tech Top10 Index(PR),11,69,650000,KR70047N0002,PLUS 차이나AI테크TOP10
183700,1.0,코스피 200 KTB 혼합지수,205,401,420000,KR7183700004,RISE 200채권혼합50
105780,1.0,MKF 5대그룹주,29,340,2000000,KR7105780001,RISE 5대그룹주
0093A0,1.0,FnGuide AI반도체TOP10 지수,11,1767,5550000,KR70093A0000,RISE AI반도체TOP10
427120,1.0,FnGuide AI 플랫폼 지수,22,36,660000,KR7427120001,RISE AI플랫폼
290130,1.0,KRX ESG 사회책임경영(S)지수,127,6629,14200000,KR7290130004,RISE ESG사회책임투자
385560,1.0,KIS 국고채30년Enhanced지수(시장가격지수),4,6990,14128000,KR7385560008,RISE KIS국고채30년Enhanced
442550,1.0,iSelect 전략적자산배분 TDF 2030 지수,14,230,1550000,KR7442550000,RISE TDF2030액티브 적격
442560,1.0,iSelect 전략적자산배분 TDF 2040 지수,13,516,3100000,KR7442560009,RISE TDF2040액티브 적격
442570,1.0,iSelect 전략적자산배분 TDF 2050 Index,12,3296,18350000,KR7442570008,RISE TDF2050액티브 적격
234310,1.0,FnGuide 셀렉트밸류 지수,31,143,500000,KR7234310001,RISE V&S셀렉트밸류
241390,1.0,FnGuide 셀렉트밸류 채권혼합 지수,40,348,2200000,KR7241390004,RISE V&S셀렉트밸류채권혼합
437370,1.0,MVIS Global Agribusiness Index(Price Return),40,73,700000,KR7437370000,RISE 글로벌농업경제
476310,1.0,KEDI 글로벌 비만 산업 Top2+ 지수(Price Return),11,57,550000,KR7476310008,RISE 글로벌비만산업TOP2+
417450,1.0,Indxx Hydrogen Economy Index (PR),28,143,850000,KR7417450004,RISE 글로벌수소경제
442320,1.0,iSelect 글로벌원자력 지수(시장가격),30,2366,6290000,KR7442320008,RISE 글로벌원자력
461490,1.0,Bloomberg Multi-Asset Weighted (KRW ETFs) 지수(시장가격),11,2876,19350000,KR7461490005,RISE 글로벌자산배분액티브
459750,1.0,Bloomberg Global Equity Market Weighted Index(Price Return),8,324,1800000,KR7459750006,RISE 글로벌주식분산액티브
399580,1.0,S&P Global Clean Energy Transition Index (Price Return),83,99,1000000,KR7399580000,RISE 글로벌클린에너지
326230,1.0,FnGuide 내수주플러스 지수,61,72,640000,KR7326230000,RISE 내수주플러스
401170,1.0,iSelect 메타버스 지수(시장가격지수),21,456,3960000,KR7401170006,RISE 메타버스
485690,1.0,KEDI 미국 AI 밸류체인 TOP3 Plus 지수(Price Return),16,953,4200000,KR7485690002,RISE 미국AI밸류체인TOP3Plus
0127R0,1.0,Akros 미국 AI 클라우드 인프라 지수(Price Return),11,236,1250000,KR70127R0001,RISE 미국AI클라우드인프라
495940,1.0,Solactive US AI Tech Active Index PR,26,622,3150000,KR7495940009,RISE 미국AI테크액티브
0018Z0,1.0,Solactive US Quantum Computing Technology Index PR,21,193,1000000,KR70018Z0003,RISE 미국양자컴퓨팅
0036Z0,1.0,Solactive US Natural Gas Value Chain Index PR,16,70,550000,KR70036Z0001,RISE 미국천연가스밸류체인
0036R0,1.0,KEDI 미국 휴머노이드 로봇 지수(시장가격),17,1133,5600000,KR70036R0001,RISE 미국휴머노이드로봇
0000Z0,1.0,KRX 바이오 TOP 10 지수,22,602,6050000,KR70000Z0003,RISE 바이오TOP10액티브
475350,1.0,Solactive Berkshire Portfolio Top10 Index(PR),12,701,4700000,KR7475350005,RISE 버크셔포트폴리오TOP10
0162Z0,1.0,KAP 삼성전자SK하이닉스채권혼합50 지수,10,40666,307400000,KR70162Z0007,RISE 삼성전자SK하이닉스채권혼합50
140570,1.0,MKF 수출주 지수,51,104,400000,KR7140570003,RISE 수출주
140580,1.0,MKF 우량업종대표주 지수,47,123,500000,KR7140580002,RISE 우량업종대표주
379790,1.0,EURO STOXX50,51,186,1050000,KR7379790009,RISE 유로스탁스50(H)
488480,1.0,Solactive Japan Samurai Sector TOP4 Plus Index(PR),20,74,550000,KR7488480005,RISE 일본섹터TOP4Plus
183710,1.0,주식국채혼합형(주식형),206,184,200000,KR7183710003,RISE 주식혼합
463300,1.0,CSI 300,297,222,1600000,KR7463300004,RISE 중국본토CSI300
371150,1.0,Hang Seng TECH Index,32,94,1300000,KR7371150004,RISE 차이나항셍테크
253290,1.0,FnGuide 헬스케어채권혼합 지수,52,215,1800000,KR7253290001,RISE 헬스케어채권혼합
0118S0,1.0,KEDI 미국넥스트테크TOP10(PR),18,535,4600000,KR70118S0001,SOL 미국넥스트테크TOP10액티브
0023A0,1.0,KEDI 미국양자컴퓨팅 TOP10(PR),11,4581,16650000,KR70023A0005,SOL 미국양자컴퓨팅TOP10
0051G0,1.0,KEDI 미국원자력 SMR 지수(PR),20,1741,12250000,KR70051G0004,SOL 미국원자력SMR
0141S0,1.0,FnGuide 조선기자재 지수(PR),11,577,6550000,KR70141S0002,SOL 조선기자재
0192S0,1.0,코스피 200 KTB 혼합지수,190,198,2100000,KR70192S0000,SOL 코스피200채권혼합50
0105D0,1.0,KEDI 한국AI소프트웨어 지수(PR),16,195,1900000,KR70105D0003,SOL 한국AI소프트웨어
0092B0,1.0,FnGuide 한국원자력 SMR 지수(PR),13,1232,8100000,KR70092B0000,SOL 한국원자력SMR
0008T0,1.0,FnGuide 화장품TOP3 플러스 지수(PR),11,906,5150000,KR70008T0003,SOL 화장품TOP3플러스
139290,1.0,K경기소비재,26,69,260000,KR7139290001,TIGER 200 경기소비재
139230,1.0,K중공업,18,2681,19660000,KR7139230007,TIGER 200 중공업
139240,1.0,K철강소재,11,92,800000,KR7139240006,TIGER 200 철강소재
417630,1.0,KEDI 혁신기업ESG30 지수(시장가격 지수),31,207,1050000,KR7417630001,TIGER KEDI혁신기업ESG30
138530,1.0,MKF LG그룹+ FW,21,834,6720000,KR7138530001,TIGER LG그룹플러스
289260,1.0,MSCI Korea Country ESG Leaders Capped Index,33,171,600000,KR7289260002,TIGER MSCI KOREA ESG리더스
453950,1.0,FactSet TSMC 파운드리 밸류체인 지수(시장가격지수),21,687,1950000,KR7453950008,TIGER TSMC파운드리밸류체인
182490,1.0,iBoxx USD Liquid High Yield 0-5 year Index,3,83,600000,KR7182490003,TIGER 단기선진하이일드(합성 H)
147970,1.0,FnGuide 모멘텀 지수,31,395,480000,KR7147970008,TIGER 모멘텀
329750,1.0,KIS U.S. TREASURY BOND 0-1Y 지수,43,6378,47280000,KR7329750004,TIGER 미국달러단기채권액티브
472170,1.0,FnGuide 미국테크TOP10 채권혼합지수,17,3394,24100000,KR7472170000,TIGER 미국테크TOP10채권혼합
396500,1.0,FnGuide 반도체TOP10 지수,11,94471,266000000,KR7396500001,TIGER 반도체TOP10
098560,0.0,,0,0,0,KR7098560006,TIGER 방송통신
138520,1.0,MKF SAMs FW,17,1467,4020000,KR7138520002,TIGER 삼성그룹
494670,1.0,iSelect 조선TOP10 Index(PR),11,5982,25850000,KR7494670003,TIGER 조선TOP10
150460,1.0,FnGuide 중국내수테마 지수,24,580,7620000,KR7150460004,TIGER 중국소비테마
302190,1.0,KIS 국채 3-10년 지수(시장가격지수),6,1923,3840000,KR7302190004,TIGER 중장기국채
0047A0,1.0,Mirae Asset China Tech Top 10 지수 (Price Return),11,2027,15300000,KR70047A0007,TIGER 차이나테크TOP10
138540,1.0,MKF 현대차그룹+ FW,21,6861,12940000,KR7138540000,TIGER 현대차그룹플러스
228790,1.0,WISE 화장품 지수,19,2599,58230000,KR7228790002,TIGER 화장품
422260,0.0,,0,0,0,KR7422260000,VITA MZ소비액티브
0007N0,1.0,KOSPI200,199,973,900000,KR70007N0000,아이엠에셋 200
0184E0,1.0,코스피 200 단기국공채 혼합지수,179,284,2500000,KR70184E0006,1Q 200채권혼합50액티브
491610,1.0,KIS 하나 CD금리 총수익지수,5,1552,1483000,KR7491610002,1Q CD금리액티브(합성)
463290,1.0,MK 머니마켓 지수(총수익),13,1802,1652000,KR7463290007,1Q 단기금융채액티브
479080,1.0,KIS-하나 MMF 지수(총수익),93,9963,18568000,KR7479080004,1Q 머니마켓액티브
0131V0,1.0,Akros 미국우주항공테크 지수,15,4093,32750000,KR70131V0009,1Q 미국우주항공테크
0017Y0,1.0,KIS 종합채권형 지수(AA-이상)(총수익),20,827,884000,KR70017Y0005,1Q 종합채권(AA-이상)액티브
0052T0,1.0,KEDI 중단기크레딧플러스채권(AAA~A-)지수(총수익),16,1080,2134000,KR70052T0008,1Q 중단기회사채(A-이상)액티브
472350,0.0,,0,0,0,KR7472350008,1Q 차이나H(H)
0186S0,1.0,코스닥 150 단기국공채 혼합지수,154,434,4950000,KR70186S0008,1Q 코스닥150채권혼합50액티브
492500,1.0,KIS 하나 현대차그룹채권(A+이상)&국고통안 총수익지수,9,780,1522000,KR7492500004,1Q 현대차그룹채권(A+이상)&국고통안
473440,1.0,KIS 11월 만기자동연장회사채(AA-이상) 총수익지수,10,942,8700000,KR7473440006,ACE 11월만기자동연장회사채AA-이상액티브
461270,0.0,,0,0,0,KR7461270001,ACE 26-06 회사채(AA-이상)액티브
475260,1.0,KAP 2월 만기자동연장회사채(AA-이상) 총수익지수,5,505,4710000,KR7475260006,ACE 2월만기자동연장회사채AA-이상액티브
385600,1.0,FnGuide 친환경자동차밸류체인 지수,51,182,1500000,KR7385600002,ACE 2차전지&친환경차액티브
475270,1.0,KIS 5월 만기자동연장회사채(AA-이상) 총수익지수,8,446,4170000,KR7475270005,ACE 5월만기자동연장회사채AA-이상액티브
475280,1.0,KAP 8월 만기자동연장회사채(AA-이상) 총수익지수,7,1032,9630000,KR7475280004,ACE 8월만기자동연장회사채AA-이상액티브
469150,1.0,FnGuide AI 반도체 TOP3+ 지수,21,11220,19550000,KR7469150007,ACE AI반도체TOP3+
0079X0,1.0,Bloomberg BYD Plus Top Supply Chain Select Price Return Index,16,37,350000,KR70079X0001,ACE BYD밸류체인액티브
385590,1.0,MSCI Korea Country ESG Leaders Custom Capped Price return Index,26,545,2300000,KR7385590005,ACE ESG액티브
0010E0,0.0,,0,0,0,KR70010E0006,ACE FTSE WGBI Korea
475050,1.0,iSelect K-POP 포커스지수(시장가격),10,971,14400000,KR7475050001,ACE KPOP포커스
411060,1.0,KRX 금현물지수,2,41152,146900000,KR7411060007,ACE KRX금현물
291130,1.0,MSCI MEXICO IMI 25/50 Price return Index,3,168,900000,KR7291130003,ACE MSCI멕시코(합성)
256440,1.0,MSCI Indonesia Index,3,331,6100000,KR7256440009,ACE MSCI인도네시아(합성)
0021D0,0.0,,0,0,0,KR70021D0004,ACE TDF2030액티브 적격
0021E0,0.0,,0,0,0,KR70021E0003,ACE TDF2050액티브 적격
0021C0,0.0,,0,0,0,KR70021C0005,ACE TDF장기자산배분액티브
225130,2.0,S&P GSCI GOLD Index Excess Return,2,248,500000,KR7225130004,ACE 골드선물 레버리지(합성 H)
483340,1.0,KEDI 글로벌 AI 클라우드 지수,34,2701,11450000,KR7483340006,ACE 구글밸류체인액티브
365780,1.0,KIS 국고채 10년(총수익),4,5319,6446000,KR7365780006,ACE 국고채10년
494340,1.0,Solactive AI Custom Semiconductor Index(PR),11,309,1500000,KR7494340003,ACE 글로벌AI맞춤형반도체
414270,1.0,FactSet US-China Electric&Autonomous Vehicle Price Return Index,48,291,2450000,KR7414270009,ACE 글로벌자율주행액티브
440640,1.0,KIS 단기채권알파AA-이상 총수익지수,8,679,604000,KR7440640001,ACE 단기채권알파액티브
265690,1.0,MSCI Russia 25% Capped Price Return Index,1,0,1850000,KR7265690008,ACE 러시아MSCI(합성)
152500,2.0,KOSPI200,203,489,1100000,KR7152500005,ACE 레버리지
487340,1.0,MK-KAP 머니마켓 총수익 지수,119,7799,7382000,KR7487340002,ACE 머니마켓액티브
0118Z0,1.0,Akros U.S. AI Innovator Price Return Index,17,564,6050000,KR70118Z0002,ACE 미국AI테크핵심산업액티브
280320,1.0,다우존스 인터넷 종합지수,2,175,800000,KR7280320003,ACE 미국IT인터넷(합성 H)
438080,1.0,S&P 500 and Short-Term Treasury 50/50 Blend Index,624,12572,86400000,KR7438080004,ACE 미국S&P500미국채혼합50액티브
438100,1.0,NASDAQ-100 US T-Bills 50/50 Index,213,9522,60500000,KR7438100000,ACE 미국나스닥100미국채혼합50액티브
456880,1.0,Solactive SOFR Daily Total Return Index,5,3434,27580000,KR7456880004,ACE 미국달러SOFR금리(합성)
440650,1.0,Bloomberg Short-Term Treasury Total Return Index,39,428,3600000,KR7440650000,ACE 미국달러단기채권액티브
465580,1.0,Solactive US Big Tech Top 7 Plus Price Return Index,11,11141,44300000,KR7465580009,ACE 미국빅테크TOP7 Plus
465610,2.0,Solactive US Big Tech Top 7 Plus Price Return Index,4,1103,2400000,KR7465610004,ACE 미국빅테크TOP7 Plus레버리지(합성)
465620,-1.0,Solactive US Big Tech Top 7 Plus Price Return Index,3,15,250000,KR7465620003,ACE 미국빅테크TOP7 Plus인버스(합성)
473590,1.0,FnGuide 미국 주식 베스트셀러 지수(시장가격지수),11,412,2200000,KR7473590008,ACE 미국주식베스트셀러
0008E0,1.0,NYSE FactSet US Focus Manufacturing Index(Price Return),41,129,950000,KR70008E0000,ACE 미국중심중소형제조업
391600,1.0,Indxx US Green Infrastructure Price return Index,51,50,450000,KR7391600004,ACE 미국친환경그린테마
245710,1.0,VN30 Index(PR),7,2497,8400000,KR7245710009,ACE 베트남VN30(합성)
108450,1.0,MKF SAMs SW,17,883,2200000,KR7108450008,ACE 삼성그룹섹터가중
277540,1.0,S&P ASIA50 Price Return Index,54,259,800000,KR7277540001,ACE 아시아TOP50
483420,0.0,,0,0,0,KR7483420006,ACE 애플밸류체인액티브
483320,1.0,KEDI 글로벌AI반도체 지수,22,3103,12250000,KR7483320008,ACE 엔비디아밸류체인액티브
448540,1.0,Bloomberg Blended NVIDIA Equity and Korean Bond Index,10,2361,8900000,KR7448540005,ACE 엔비디아채권혼합
0099L0,1.0,KIS 1~3년 우량크레딧(AA-이상) 총수익지수,26,1712,1719000,KR70099L0001,ACE 우량회사채(AA-이상)액티브
433500,1.0,DeepSearch 원자력 TOP 10 지수 (시장가격지수),11,2136,3900000,KR7433500006,ACE 원자력TOP10
487920,1.0,Indxx India Big 5 Conglomerates Index (Price Return),23,83,1000000,KR7487920001,ACE 인도시장대표BIG5그룹액티브
487910,1.0,Indxx India Super Consumption Index (Price Return),21,105,1200000,KR7487910002,ACE 인도컨슈머파워액티브
497520,1.0,Solactive Eli Lilly Value Chain Index(PR),14,87,650000,KR7497520007,ACE 일라이릴리밸류체인
238720,1.0,Nikkei 225,230,442,900000,KR7238720007,ACE 일본Nikkei225(H)
205720,-1.0,TOPIX,2,43,3000000,KR7205720006,ACE 일본TOPIX인버스(합성 H)
469160,1.0,Bloomberg Japan Semiconductor Select Top 25 Index(Price Return),26,236,900000,KR7469160006,ACE 일본반도체
356540,1.0,KIS 종합채권 AA-이상 총수익 지수(Total return Index),111,9943,9851000,KR7356540005,ACE 종합채권(AA-이상)액티브
416090,1.0,STAR 50 Index(Price Return),51,208,1500000,KR7416090009,ACE 중국과창판STAR50
168580,1.0,CSI 300,301,1124,3120000,KR7168580009,ACE 중국본토CSI300
219900,2.0,CSI 300,5,64,1400000,KR7219900008,ACE 중국본토CSI300레버리지(합성)
272910,1.0,KIS 종합채권국공채1-10Y지수,29,730,688000,KR7272910001,ACE 중장기국공채액티브
0087F0,1.0,Solactive China AI Big Tech TOP2+ Index (Price Return),31,64,500000,KR70087F0003,ACE 차이나AI빅테크TOP2+액티브
371870,1.0,Hang Seng TECH Index,31,116,1600000,KR7371870007,ACE 차이나항셍테크
380340,1.0,FnGuide 코리아AI테크핵심산업지수 (Price Return),16,349,1200000,KR7380340000,ACE 코리아AI테크핵심산업
354500,1.0,KSQ150,152,1587,10600000,KR7354500001,ACE 코스닥150
305050,1.0,종합,733,424,600000,KR7305050007,ACE 코스피
457480,1.0,Bloomberg EV Supporters Plus Tesla Price Return Index,26,7573,41050000,KR7457480002,ACE 테슬라밸류체인액티브
495710,0.0,,0,0,0,KR7495710006,BNK 26-06 특수채(AAA이상)액티브
486240,1.0,FnGuide AI반도체&인프라 지수,27,943,3200000,KR7486240005,DAISHIN343 AI반도체&인프라액티브
0189Z0,1.0,KRX-Akros 금융&지주고배당 지수,21,102,1000000,KR70189Z0006,DAISHIN343 금융&지주고배당
285690,1.0,KRX ESG Leaders 150,150,76,350000,KR7285690004,FOCUS ESG리더스
292730,0.0,,0,0,0,KR7292730009,FOCUS KRX300
448490,1.0,KAP 32-10 국고채 10년 총수익지수,5,118,224000,KR7448490003,HANARO 32-10 국고채액티브
454320,1.0,iSelect CAPEX 설비투자 지수(시장가격),20,936,2150000,KR7454320003,HANARO CAPEX설비투자iSelect
395280,1.0,FnGuide K-게임 지수 (시장가격),14,87,2350000,KR7395280001,HANARO Fn K-게임
441540,1.0,FnGuide 조선해운지수,16,746,2700000,KR7441540002,HANARO Fn조선해운
479850,1.0,FnGuide K-뷰티 지수,21,254,1400000,KR7479850000,HANARO K-뷰티
322400,1.0,FnGuide E커머스 지수(시장가격),17,357,3350000,KR7322400003,HANARO e커머스
354350,1.0,S&P Global Luxury Index,2,107,520000,KR7354350001,HANARO 글로벌럭셔리S&P(합성)
424460,0.0,,0,0,0,KR7424460004,HANARO 글로벌워터MSCI(합성)
401590,1.0,ICE Global Carbon Futures Index(Excess Return),2,58,510000,KR7401590005,HANARO 글로벌탄소배출권선물ICE(합성)
486830,1.0,KIS-NH Amundi MMF지수,25,1468,2760000,KR7486830003,HANARO 머니마켓액티브
419170,0.0,,0,0,0,KR7419170006,HANARO 미국메타버스iSelect
472490,0.0,,0,0,0,KR7472490002,HANARO 미국애그테크
476260,1.0,FnGuide 반도체 핵심공정 주도주 지수,20,485,3700000,KR7476260005,HANARO 반도체핵심공정주도주
434730,1.0,iSelect 원자력지수 (시장가격),16,7012,11800000,KR7434730008,HANARO 원자력iSelect
0082F0,1.0,Stoxx 유럽 방산 지수,25,82,700000,KR70082F0008,HANARO 유럽방산
491820,1.0,iSelect 전력설비투자 지수,14,1605,3600000,KR7491820007,HANARO 전력설비투자
461500,1.0,KAP 종합채권 총수익지수(AA-이상),64,961,918000,KR7461500001,HANARO 종합채권(AA-이상)액티브
482870,0.0,,0,0,0,KR7482870003,HANARO 주주가치성장코리아액티브
304770,1.0,KSQ150,150,216,1460000,KR7304770001,HANARO 코스닥150
0000Y0,1.0,KAP 26-12 크레딧 채권 총수익지수(AA-이상),11,1230,1210000,KR70000Y0004,HK 26-12 회사채(AA-이상)액티브
0113P0,1.0,KAP 머니마켓 지수(총수익),39,529,518000,KR70113P0009,HK 머니마켓액티브
472920,1.0,KAP 종합채권 AA- 이상 지수(총수익),35,2521,2579000,KR7472920008,HK 종합채권(AA-이상)액티브
0178H0,1.0,FnGuide 미국AI TOP10국채혼합 지수,13,472,4700000,KR70178H0001,IBK 미국AI TOP10국채혼합50
253250,2.0,K200선물,3,287,290000,KR7253250005,KIWOOM 200선물레버리지
458210,1.0,FnGuide CD91일 금리투자 지수(총수익),4,1482,1343000,KR7458210002,KIWOOM CD금리액티브(합성)
460280,0.0,,0,0,0,KR7460280001,KIWOOM Fn유전자혁신기술
0194R0,2.0,KRX SK하이닉스 선물 지수,3,125,1625000,KR70194R0009,KIWOOM SK하이닉스선물단일종목레버리지
435530,1.0,Dow Jones Target 2030 Index (Total Return),16,78,500000,KR7435530001,KIWOOM TDF2030액티브 적격
435540,1.0,Dow Jones Target 2040 Index (Total Return),16,89,500000,KR7435540000,KIWOOM TDF2040액티브 적격
435550,1.0,Dow Jones Target 2050 Index (Total Return),16,128,700000,KR7435550009,KIWOOM TDF2050액티브 적격
148070,1.0,KIS 국고채 10년(총수익),4,4118,3938000,KR7148070006,KIWOOM 국고채10년
167860,2.0,KIS 국고채 10년(총수익),5,267,290000,KR7167860006,KIWOOM 국고채10년레버리지
437550,0.0,,0,0,0,KR7437550007,KIWOOM 글로벌리츠이지스액티브
130730,1.0,MK 머니마켓 지수(총수익),13,720,701000,KR7130730005,KIWOOM 단기자금
419890,1.0,KIS ESG 9M~1.5Y,10,623,580000,KR7419890009,KIWOOM 단기채권ESG액티브
476450,1.0,KIS-키움 MMF지수(총수익지수),23,1593,3024000,KR7476450002,KIWOOM 머니마켓액티브
430500,1.0,KIS TIPS 지수 (Total Return),4,112,100000,KR7430500009,KIWOOM 물가채KIS
460270,1.0,Solactive SOFR Daily Total Return Index,3,104,810000,KR7460270002,KIWOOM 미국달러SOFR금리액티브(합성)
138230,1.0,미국달러선물,2,240,1450000,KR7138230008,KIWOOM 미국달러선물
225800,2.0,미국달러선물,3,80,510000,KR7225800002,KIWOOM 미국달러선물레버리지
459790,1.0,MSCI USA Index(Price Return),30,284,1350000,KR7459790002,KIWOOM 미국성장기업30액티브
0174R0,1.0,미국성장다우존스 지수,196,99,850000,KR70174R0003,KIWOOM 미국성장다우존스
483020,1.0,FnGuide 의료AI 지수,26,60,600000,KR7483020004,KIWOOM 의료AI
200250,1.0,Nifty 50 Index,2,1776,7900000,KR7200250009,KIWOOM 인도Nifty50(합성)
454780,1.0,KIS 종합 채권시장지수(AA-이상)(총수익지수),52,2888,2909000,KR7454780008,KIWOOM 종합채권(AA-이상)액티브
316670,1.0,KSQ150,150,488,6560000,KR7316670009,KIWOOM 코스닥150
0198A0,1.0,코스닥150 위클리고정30% 커버드콜지수,153,566,6000000,KR70198A0004,KIWOOM 코스닥150커버드콜액티브
122260,1.0,매경통안채지수(총수익),6,332,320000,KR7122260003,KIWOOM 통안채1년
0219E0,1.0,K200커버드콜 5% OTM,104,5489,65100000,KR70219E0005,KODEX 200커버드콜액티브
0117L0,1.0,KAP 26-12 금융채 총수익 지수(AA-이상),77,9412,92820000,KR70117L0009,KODEX 26-12 금융채(AA-이상)액티브
473290,1.0,KAP 26-12 회사채 총수익 지수(AA-이상),46,4511,41530000,KR7473290005,KODEX 26-12 회사채(AA-이상)액티브
0007F0,1.0,KAP 27-12 회사채 총수익 지수(AA-이상),69,5538,54440000,KR70007F0000,KODEX 27-12 회사채(AA-이상)액티브
0119H0,1.0,KAP 28-12 회사채 총수익 지수(AA- 이상),26,2591,26120000,KR70119H0003,KODEX 28-12 회사채(AA-이상)액티브
305720,1.0,FnGuide 2차전지 산업 지수,26,16854,116400000,KR7305720005,KODEX 2차전지산업
457690,1.0,KAP 33-06 국고채 총수익 지수,3,236,2250000,KR7457690006,KODEX 33-06 국고채액티브
457700,1.0,KAP 53-09 국고채 총수익 지수,2,118,1320000,KR7457700003,KODEX 53-09 국고채액티브
395160,1.0,FnGuide AI반도체 TOP2+ 지수,16,40337,101100000,KR7395160005,KODEX AI반도체TOP2플러스
439860,1.0,"KAP ESG 종합채권지수(A-이상, 총수익)",51,3505,3086000,KR7439860008,KODEX ESG종합채권(A-이상)액티브
266370,1.0,KRX 정보기술,46,1133,1700000,KR7266370006,KODEX IT
266360,1.0,KRX 미디어&엔터테인먼트,21,333,3200000,KR7266360007,KODEX K콘텐츠
291890,1.0,iEdge Emerging Markets Futures Index(ER),5,61,500000,KR7291890002,KODEX MSCI EM선물(H)
269420,1.0,S&P Global Infrastructure Index,3,245,1063000,KR7269420006,KODEX S&P글로벌인프라(합성)
300950,1.0,FnGuide 게임 산업 지수,16,234,4100000,KR7300950003,KODEX 게임산업
132030,1.0,S&P GSCI Gold Index(TR),5,3494,14100000,KR7132030008,KODEX 골드선물(H)
471230,1.0,KAP 국고채 10년 지수(TR),3,4633,4458000,KR7471230003,KODEX 국고채10년액티브
439870,1.0,KAP 국고채 30년 총수익 지수,21,3959,4616000,KR7439870007,KODEX 국고채30년액티브
114260,1.0,MKF 국고채지수(총수익),4,5118,8280000,KR7114260003,KODEX 국고채3년
152380,1.0,10년국채선물지수,2,206,318000,KR7152380002,KODEX 국채선물10년
176950,-1.0,10년국채선물지수,2,126,210000,KR7176950004,KODEX 국채선물10년인버스
292770,-1.0,국채선물지수,2,362,630000,KR7292770005,KODEX 국채선물3년인버스
102960,1.0,KRX 기계장비,36,148,1060000,KR7102960002,KODEX 기계장비
488770,1.0,KAP MMF 지수(TR),616,80181,76211000,KR7488770009,KODEX 머니마켓액티브
401470,1.0,FnGuide K-메타버스 지수,30,587,5950000,KR7401470000,KODEX 메타버스액티브
308620,1.0,S&P 10-Year U.S. Treasury Note Futures KRW(ER),3,962,8100000,KR7308620004,KODEX 미국10년국채선물
304670,-1.0,S&P Ultra T-Bond Futures Index(ER),4,74,600000,KR7304670003,KODEX 미국30년국채울트라선물인버스(H)
0173Y0,1.0,Akros 미국 AI 광통신 및 네트워크 인프라 지수(PR),11,4422,34750000,KR70173Y0005,KODEX 미국AI광통신네트워크
0026E0,1.0,S&P500 10% Buffered Index March Series (USD) TR,509,222,1850000,KR70026E0008,KODEX 미국S&P500버퍼3월액티브
219480,1.0,S&P 500 Future Index TR,5,1504,4500000,KR7219480001,KODEX 미국S&P500선물(H)
409820,2.0,NASDAQ 100,6,2629,12900000,KR7409820008,KODEX 미국나스닥100레버리지(합성 H)
304940,1.0,NASDAQ 100,4,1146,3500000,KR7304940000,KODEX 미국나스닥100선물(H)
261240,1.0,미국달러선물,2,594,4060000,KR7261240006,KODEX 미국달러선물
261250,2.0,미국달러선물,6,278,1660000,KR7261250005,KODEX 미국달러선물레버리지
280930,1.0,FTSE Russell 2000 Index,4,241,1400000,KR7280930009,KODEX 미국러셀2000(H)
0167Z0,1.0,iSelect 미국우주항공지수(Price Return),15,4102,45350000,KR70167Z0002,KODEX 미국우주항공
244580,1.0,FnGuide 바이오 지수,51,2361,26080000,KR7244580007,KODEX 바이오
091160,1.0,KRX 반도체,35,55392,44650000,KR7091160002,KODEX 반도체
0080G0,1.0,iSelect 방산 TOP10 지수(Price Return),11,3917,33600000,KR70080G0009,KODEX 방산TOP10
102780,1.0,MKF 삼성그룹지수,17,34207,129100000,KR7102780004,KODEX 삼성그룹
385510,1.0,FnGuide K-신재생에너지플러스 지수,83,3313,8400000,KR7385510003,KODEX 신재생에너지액티브
0098F0,1.0,iSelect 원자력SMR 지수(Price Return),16,2707,17450000,KR70098F0000,KODEX 원자력SMR
395150,1.0,FnGuide 웹툰&드라마 지수,17,92,4800000,KR7395150006,KODEX 웹툰&드라마
144600,1.0,S&P GSCI Silver Index(TR),6,7906,74000000,KR7144600004,KODEX 은선물(H)
453820,2.0,Nifty 50 Index,2,162,1300000,KR7453820003,KODEX 인도Nifty50레버리지(합성)
385520,1.0,FnGuide K-미래차 지수,42,356,2150000,KR7385520002,KODEX 자율주행액티브
363570,1.0,"KAP 한국장기종합채권지수(AA-이상, 총수익)",40,2328,2710000,KR7363570003,KODEX 장기종합채권(AA-이상)액티브
0115D0,1.0,KRX 조선 TOP10 지수,11,2077,25400000,KR70115D0001,KODEX 조선TOP10
273130,1.0,KAP 한국종합채권지수,381,33591,30641000,KR7273130005,KODEX 종합채권(AA-이상)액티브
373490,1.0,FnGuide K-이노베이션 지수,57,142,550000,KR7373490002,KODEX 코리아혁신성장액티브
229200,1.0,KSQ150,150,54399,367000000,KR7229200001,KODEX 코스닥150
461450,1.0,코스닥 글로벌,51,242,1500000,KR7461450009,KODEX 코스닥글로벌
138920,1.0,S&P GSCI Soybeans Index(TR),5,58,500000,KR7138920004,KODEX 콩선물(H)
266420,1.0,KRX 헬스케어,68,740,4000000,KR7266420009,KODEX 헬스케어
475070,1.0,Solactive 글로벌친환경전력인프라 PR지수,64,376,1200000,KR7475070009,KoAct 글로벌친환경전력인프라액티브
0104H0,1.0,FnGuide 미국나스닥 금융채권혼합 지수,50,1524,12650000,KR70104H0000,KoAct 미국나스닥채권혼합50액티브
0113G0,1.0,Solactive 미국바이오헬스케어지수 PR,84,102,900000,KR70113G0000,KoAct 미국바이오헬스케어액티브
482030,1.0,iSelect 반도체&2차전지핵심소재 지수,40,98,1050000,KR7482030004,KoAct 반도체&2차전지핵심소재액티브
438740,1.0,중형주,176,77,225000,KR7438740003,MIDAS 중소형액티브
403790,1.0,종합,333,1675,2925000,KR7403790009,MIDAS 코스피액티브
0210E0,1.0,코스피 200 위클리 고정 30% 커버드콜 지수,190,601,7900000,KR70210E0004,PLUS 200커버드콜액티브
395750,1.0,FnGuide 한화 ESG Value 지수,190,82,400000,KR7395750003,PLUS ESG가치주액티브
453010,1.0,KOFR 지수,2,147,134000,KR7453010001,PLUS KOFR금리
449450,1.0,FnGuide K-방위산업 지수,11,11565,19590000,KR7449450006,PLUS K방산
0104G0,2.0,FnGuide K-방위산업 지수,11,182,2450000,KR70104G0001,PLUS K방산레버리지
0166S0,1.0,Akros K제조업 50 지수,30,582,5350000,KR70166S0002,PLUS K제조업핵심기업액티브
461460,1.0,KAP 국고채 10년 동일가중 지수(총수익),6,833,1622000,KR7461460008,PLUS 국고채10년액티브
451600,1.0,KAP 국고채 30년 지수(총수익),5,113,137000,KR7451600001,PLUS 국고채30년액티브
491230,1.0,KAP 국공채 MMF 지수(총수익),9,1127,2152000,KR7491230009,PLUS 국공채머니마켓액티브
289670,1.0,10년국채선물지수,2,58,112000,KR7289670002,PLUS 국채선물10년
298340,1.0,국채선물지수,3,576,1012000,KR7298340001,PLUS 국채선물3년
442580,1.0,iSelect 글로벌HBM반도체 지수,11,16916,17530000,KR7442580007,PLUS 글로벌HBM반도체
189400,1.0,MSCI ACWI Index,4,78,300000,KR7189400005,PLUS 글로벌MSCI(합성 H)
496770,1.0,Solactive Global Defense Index(PR),11,343,1750000,KR7496770009,PLUS 글로벌방산
419650,1.0,BlueStar Hydrogen and NextGen Fuel Cell Index (시장가격),25,180,3250000,KR7419650007,PLUS 글로벌수소&차세대연료전지
0166T0,1.0,iSelect 미국AI지적재산 지수(PR),26,79,800000,KR70166T0001,PLUS 글로벌저작권핵심기업액티브
415920,1.0,MVIS Global Rare Earth/Strategic Metals Index (Price Return),30,344,4600000,KR7415920008,PLUS 글로벌희토류&전략자원생산기업
278620,1.0,"KAP 투자적격 크레딧 채권 1년지수(A-이상,총수익)",23,651,548000,KR7278620000,PLUS 단기채권액티브
269540,1.0,S&P 500,507,910,3000000,KR7269540001,PLUS 미국S&P500(H)
287180,1.0,NASDAQ 100 Technology Sector Index,48,488,850000,KR7287180004,PLUS 미국나스닥테크
456200,1.0,Solactive SOFR Daily Total Return Index,4,67,110000,KR7456200005,PLUS 미국달러SOFR금리액티브(합성)
426410,0.0,,0,0,0,KR7426410007,PLUS 미국대체투자Top10
461900,1.0,iSelect 미국 Tech 10 지수,11,182,800000,KR7461900003,PLUS 미국테크TOP10
461910,2.0,iSelect 미국 Tech 10 지수,2,190,500000,KR7461910002,PLUS 미국테크TOP10레버리지(합성)
195970,1.0,MSCI EAFE Index,3,243,1460000,KR7195970009,PLUS 선진국MSCI(합성 H)
238670,1.0,WISE-KAP 스마트베타 Quality 채권혼합지수,59,40,300000,KR7238670004,PLUS 스마트베타Quality채권혼합
256450,1.0,SZSE ChiNext Price Index,3,81,500000,KR7256450008,PLUS 심천차이넥스트(합성)
239660,1.0,KOBI Half Credit Index(총수익),18,218,180000,KR7239660004,PLUS 우량회사채50
421320,1.0,iSelect 우주항공UAM지수,16,2869,9250000,KR7421320003,PLUS 우주항공
464920,1.0,Solactive Japan Semiconductor Materials and Equipment Index PR,21,323,1250000,KR7464920008,PLUS 일본반도체소부장
489000,1.0,KAP 일본 단기 국채 지수(총수익),3,207,2200000,KR7489000000,PLUS 일본엔화초단기국채(합성)
451000,1.0,"KAP 종합채권지수(AA-이상, 총수익)",94,3990,3741000,KR7451000004,PLUS 종합채권(AA-이상)액티브
280920,1.0,FnGuide 주도업종 지수,31,132,550000,KR7280920000,PLUS 주도업종
301400,1.0,KSQ150,150,97,700000,KR7301400008,PLUS 코스닥150
457990,1.0,FnGuide 태양광&ESS 지수,11,1496,3850000,KR7457990000,PLUS 태양광&ESS
0000J0,1.0,FnGuide 한화그룹주 지수,11,1163,3900000,KR70000J0003,PLUS 한화그룹주
252400,2.0,K200선물,5,604,600000,KR7252400007,RISE 200선물레버리지
0122W0,1.0,KAP 26-11 회사채(AA-이상) 총수익지수,15,1137,2234000,KR70122W0009,RISE 26-11 회사채(AA-이상)액티브
465330,1.0,iSelect 2차전지 TOP10 지수(PR),11,632,5700000,KR7465330009,RISE 2차전지TOP10
465350,-1.0,iSelect 2차전지 TOP10 지수(PR),4,343,2000000,KR7465350007,RISE 2차전지TOP10인버스(합성)
469070,1.0,iSelect AI&로봇 지수(시장가격),36,4057,33300000,KR7469070007,RISE AI&로봇
0101N0,1.0,KRX-Akros AI 전력인프라 지수,16,6287,31400000,KR70101N0005,RISE AI전력인프라
477080,1.0,FnGuide CD금리투자 지수(총수익),5,16714,15579000,KR7477080006,RISE CD금리액티브(합성)
326240,1.0,FnGuide IT플러스 지수,124,1127,2560000,KR7326240009,RISE IT플러스
479520,1.0,KOFR 지수,10,10309,9707000,KR7479520009,RISE KOFR금리액티브(합성)
388280,1.0,FnGuide K엔터&여행레저 지수,26,236,3320000,KR7388280000,RISE K엔터&여행레저
300640,1.0,WISE 게임 테마 지수 (시장가격지수),24,216,3400000,KR7300640000,RISE 게임테마
481430,1.0,KAP 국고채 10년 지수(총수익),6,1003,834000,KR7481430007,RISE 국고채10년액티브
451670,2.0,KAP 국채30년 TR 지수,2,58,500000,KR7451670004,RISE 국채30년레버리지(합성)
295000,1.0,10년국채선물지수,2,51,100000,KR7295000004,RISE 국채선물10년
295020,-1.0,10년국채선물지수,2,339,562000,KR7295020002,RISE 국채선물10년인버스
432600,1.0,국채선물지수,2,55,100000,KR7432600005,RISE 국채선물3년
397420,1.0,5년 국채선물 추종 지수,3,3,6000,KR7397420001,RISE 국채선물5년추종
0114X0,1.0,Solactive-KEDI 글로벌 게임 테크 TOP3 플러스 지수,10,62,700000,KR70114X0008,RISE 글로벌게임테크TOP3Plus
375270,1.0,Kelly Data Center & Tech Infrastructure Net Total Return Index,3,93,650000,KR7375270006,RISE 글로벌데이터센터리츠(합성)
276650,1.0,S&P Global 1200 Information Technology and Interactive Media & Services(PR),4,349,750000,KR7276650009,RISE 글로벌테크놀로지(합성 H)
367760,1.0,FnGuide 네트워크 인프라 지수,24,6888,11700000,KR7367760006,RISE 네트워크인프라
272560,1.0,KIS 종합채권국공채3M~1.5Y지수,23,1602,1397000,KR7272560004,RISE 단기국공채액티브
385550,1.0,KIS 단기채권알파지수(AA-이상)(총수익지수),44,3449,3027000,KR7385550009,RISE 단기채권알파액티브
0061Z0,1.0,KAP 단기 특수은행채 지수(시장가격),49,7340,14418000,KR70061Z0009,RISE 단기특수은행채액티브
455890,1.0,KIS 시가평가 MMF 지수 (총수익지수),365,29901,53850000,KR7455890004,RISE 머니마켓액티브
0005C0,1.0,S&P500 Yen Hedged Index(PR),5,75,650000,KR70005C0005,RISE 미국S&P500엔화노출(합성 H)
354240,1.0,ICE BofAML Core Plus Fixed Rate Preferred Securities Index(PR),108,119,1100000,KR7354240004,RISE 미국고정배당우선증권
437350,1.0,Bloomberg US Corporate 1-5 Years Total Return Index,38,275,2200000,KR7437350002,RISE 미국단기투자등급회사채액티브
455960,1.0,KAP SOFR 지수,2,569,4580000,KR7455960005,RISE 미국달러SOFR금리액티브(합성)
491630,-1.0,NYSE Semicondoctor Index(Price Return),5,24,475000,KR7491630000,RISE 미국반도체인버스(합성 H)
267440,1.0,S&P U.S. Treasury Bond Futures Excess Return Index,7,48,600000,KR7267440006,RISE 미국장기국채선물(H)
267490,2.0,S&P U.S. Treasury Bond Futures Excess Return Index,8,35,700000,KR7267490001,RISE 미국장기국채선물레버리지(합성 H)
446700,1.0,iSelect 배터리 리사이클링 지수,20,112,1080000,KR7446700007,RISE 배터리 리사이클링
448630,1.0,Bloomberg Blended Samsung Group Fixed Top 3 Equity and Korean Bond Index,13,3254,21300000,KR7448630004,RISE 삼성그룹Top3채권혼합
367770,1.0,FnGuide 수소경제테마 지수,33,1250,5250000,KR7367770005,RISE 수소경제테마
385540,1.0,KIS 종합채권 지수(A-이상)(총수익지수),284,19062,18607000,KR7385540000,RISE 종합채권(A-이상)액티브
310080,1.0,"MSCI China Index(USD, Price Return)",279,108,1150000,KR7310080007,RISE 중국MSCI China(H)
174360,1.0,CSI A100,102,345,1400000,KR7174360008,RISE 중국본토대형주CSI100
272570,1.0,KIS 종합채권국공채4~5Y지수,7,127,108000,KR7272570003,RISE 중장기국공채액티브
250730,1.0,HSCEI (Hang Seng China Enterprise Index),52,169,1700000,KR7250730009,RISE 차이나HSCEI(H)
291680,-1.0,Hang Seng China Enterprises Futures Index(Price Return),3,39,500000,KR7291680007,RISE 차이나H선물인버스(H)
0151P0,1.0,KAP 코리아전략산업지수,20,1516,10250000,KR70151P0002,RISE 코리아전략산업액티브
270810,1.0,KSQ150,150,3389,22920000,KR7270810005,RISE 코스닥150
278240,2.0,F-KSQ150,5,646,7490000,KR7278240007,RISE 코스닥150선물레버리지
334690,1.0,S&P GSCI Palladium Excess Return Index,5,40,650000,KR7334690005,RISE 팔라듐선물(H)
334700,-1.0,S&P GSCI Palladium Excess Return Index,4,20,650000,KR7334700002,RISE 팔라듐선물인버스(H)
253280,1.0,FnGuide 헬스케어 지수,46,83,550000,KR7253280002,RISE 헬스케어
488980,1.0,"KAP 26-12 크레딧 채권지수(AA-이상, 총수익)",27,2303,4426000,KR7488980004,SOL 26-12 회사채(AA-이상)액티브
0092C0,1.0,"KAP 27-12 크레딧 채권지수(AA-이상, 총수익)",32,2268,4518000,KR70092C0009,SOL 27-12 회사채(AA-이상)액티브
455860,1.0,FnGuide 2차전지 소부장 지수(PR),21,1076,23750000,KR7455860007,SOL 2차전지소부장Fn
455850,1.0,FnGuide AI 반도체 소부장 지수,21,10172,42450000,KR7455850008,SOL AI반도체소부장
363510,1.0,KIS 단기통안채 지수(총수익지수),2,124,111000,KR7363510009,SOL KIS단기통안채
438570,1.0,KAP 국고채10년지수(총수익지수),9,1065,1084000,KR7438570004,SOL 국고채10년
474390,1.0,KAP 국고채30년 지수(TR),4,53,134000,KR7474390002,SOL 국고채30년액티브
438560,1.0,KAP 국고채3년지수(총수익지수),7,757,754000,KR7438560005,SOL 국고채3년
0066W0,1.0,KEDI 국제금현물 ETF 가격지수(PR),10,869,6550000,KR70066W0007,SOL 국제금
423170,1.0,S&P Global Semiconductor Korea Tilted Index(PR),16,2628,4520000,KR7423170000,SOL 글로벌AI반도체탑픽액티브
400590,1.0,ICE Global Carbon Futures Index(Excess Return),3,71,500000,KR7400590006,SOL 글로벌탄소배출권선물ICE(합성)
484890,1.0,KAP 시가 MMF 지수(TR),10,133,254000,KR7484890009,SOL 머니마켓액티브
461600,1.0,KAP 미국채 20Y+ 지수(시장가격),40,262,3150000,KR7461600009,SOL 미국30년국채액티브(H)
479620,1.0,Solactive US AI Semiconductor Chip Makers Index(PR),11,926,3550000,KR7479620007,SOL 미국AI반도체칩메이커
481180,1.0,KEDI 미국 AI 소프트웨어지수(PR),16,1443,8750000,KR7481180008,SOL 미국AI소프트웨어
486450,1.0,KEDI 미국AI전력인프라 지수(PR),21,2476,11600000,KR7486450000,SOL 미국AI전력인프라
447620,1.0,Solactive US TOP5 Balanced50 Index,9,1250,7800000,KR7447620006,SOL 미국TOP5채권혼합50
481190,1.0,Solactive US Tech TOP 10 Custom Index(PR),11,2899,16900000,KR7481190007,SOL 미국테크TOP10
481200,0.0,,0,0,0,KR7481200004,SOL 미국테크TOP10인버스(합성)
475300,1.0,FnGuide 반도체 전공정 지수(PR),11,3167,14650000,KR7475300000,SOL 반도체전공정
475310,1.0,FnGuide 반도체 후공정 지수(PR),11,712,2750000,KR7475310009,SOL 반도체후공정
400580,1.0,S&P GSCI Carbon Emission Allowances,2,58,500000,KR7400580007,SOL 유럽탄소배출권선물S&P(H)
464610,1.0,FnGuide 의료기기소부장지수(PR),15,120,1500000,KR7464610005,SOL 의료기기소부장Fn
466930,1.0,FnGuide 자동차TOP3플러스지수(PR),14,2269,8250000,KR7466930005,SOL 자동차TOP3플러스
464600,1.0,FnGuide 자동차소부장지수(PR),21,236,950000,KR7464600006,SOL 자동차소부장Fn
0005D0,1.0,FnGuide 전고체배터리&실리콘음극재 지수(PR),11,1447,9950000,KR70005D0004,SOL 전고체배터리&실리콘음극재
466920,1.0,FnGuide 조선TOP3플러스지수(PR),14,15654,53300000,KR7466920006,SOL 조선TOP3플러스
0080Y0,2.0,FnGuide 조선TOP3플러스지수(PR),15,1250,12700000,KR70080Y0007,SOL 조선TOP3플러스레버리지
436140,1.0,"KAP K-종합채권지수(AA-이상, 총수익)",268,13384,12636000,KR7436140008,SOL 종합채권(AA-이상)액티브
0141T0,1.0,"KAP K-중기종합채권지수(AA-이상,총수익)",18,414,824000,KR70141T0001,SOL 중기종합채권(AA-이상)액티브
220130,1.0,CSI 500 지수,2,56,800000,KR7220130009,SOL 차이나강소기업CSI500(합성 H)
0131A0,1.0,SOLACTIVE-KEDI CHINA CONSUMER TREND INDEX(PR),11,47,600000,KR70131A0004,SOL 차이나소비트렌드
415760,1.0,STAR 50 Index(Price Return),4,194,1360000,KR7415760008,SOL 차이나육성산업액티브(합성)
413220,1.0,CSI Photovoltaic Industry Index(PR),5,59,1200000,KR7413220005,SOL 차이나태양광CSI(합성)
469830,1.0,KAP 단기자금시장지수,134,10044,18508000,KR7469830004,SOL 초단기채권액티브
444200,1.0,KEDI 메가테크지수(PR),32,5363,11450000,KR7444200000,SOL 코리아메가테크액티브
450910,1.0,KSQ150,150,371,2560000,KR7450910005,SOL 코스닥150
429980,1.0,FactSet Global Electric Vehicle and Rechargeable Battery Korea-Tilted Index(PR),32,89,500000,KR7429980006,SOL 한국형글로벌전기차&2차전지액티브
139220,1.0,K건설,11,1318,17220000,KR7139220008,TIGER 200 건설
227550,1.0,K산업재,21,43,340000,KR7227550001,TIGER 200 산업재
227540,1.0,K헬스케어,15,338,1740000,KR7227540002,TIGER 200 헬스케어
243880,2.0,K정보기술,18,4928,1450000,KR7243880002,TIGER 200IT레버리지
267770,2.0,K200선물,5,2079,2500000,KR7267770006,TIGER 200선물레버리지
243890,2.0,K에너지화학,29,44,525000,KR7243890001,TIGER 200에너지화학레버리지
480260,1.0,KIS 회사채2704만기형 지수 (총수익 지수),38,4048,8190000,KR7480260009,TIGER 27-04회사채(A+이상)액티브
364980,1.0,KRX 2차전지TOP 10 지수,11,6670,67100000,KR7364980003,TIGER 2차전지TOP10
412570,2.0,KRX 2차전지TOP 10 지수,13,1699,142600000,KR7412570004,TIGER 2차전지TOP10레버리지
462010,1.0,FnGuide 2차전지소재 (Price Return) 지수,21,5279,108450000,KR7462010000,TIGER 2차전지소재Fn
471760,1.0,iSelect AI반도체핵심공정지수,19,1291,9050000,KR7471760009,TIGER AI반도체핵심공정
365040,1.0,종합,166,756,2100000,KR7365040005,TIGER AI코리아그로스액티브
364960,1.0,KRX BBIG 지수,13,825,12100000,KR7364960005,TIGER BBIG
412560,2.0,KRX BBIG 지수,15,13,700000,KR7412560005,TIGER BBIG레버리지
475630,1.0,KIS CD 1Y 총수익지수,4,14525,1352300,KR7475630000,TIGER CD1년금리액티브(합성)
357870,1.0,KIS CD금리투자 총수익지수,7,35479,61356000,KR7357870005,TIGER CD금리투자KIS(합성)
400970,1.0,FnGuide 메타버스테마 지수,21,395,5100000,KR7400970000,TIGER Fn메타버스
377990,1.0,FnGuide 신재생에너지 지수,22,1270,4950000,KR7377990007,TIGER Fn신재생에너지
449170,1.0,KOFR 지수,4,24355,21830000,KR7449170000,TIGER KOFR금리액티브(합성)
0072R0,1.0,KRX 금현물지수,2,12381,92550000,KR70072R0006,TIGER KRX금현물
300610,1.0,WISE K게임 테마 지수,14,134,2400000,KR7300610003,TIGER K게임
463250,1.0,iSelect K방산&우주,11,5822,15000000,KR7463250001,TIGER K방산&우주
248270,1.0,S&P Global 1200 Health Care Index,5,307,1140000,KR7248270001,TIGER S&P글로벌헬스케어(합성)
0025N0,1.0,S&P Korea Target Date 2045 Global Index,507,7871,63550000,KR70025N0008,TIGER TDF2045 적격
364990,1.0,KRX 게임 TOP 10 지수,11,222,4500000,KR7364990002,TIGER 게임TOP10
319640,1.0,S&P GSCI Gold Index(TR),4,1145,4400000,KR7319640009,TIGER 골드선물(H)
0190Y0,1.0,Akros Google Value Chain 지수 (Price Return),21,733,7800000,KR70190Y0004,TIGER 구글밸류체인
160580,1.0,S&P GSCI Cash Copper Index,4,1721,10200000,KR7160580007,TIGER 구리실물
451530,1.0,KIS STRIP 30Y Index(총수익지수),4,1390,4094000,KR7451530000,TIGER 국고채30년스트립액티브
275980,1.0,MorningStar Exponential Technologies Equal Weighted Select PR USD,5,606,2540000,KR7275980001,TIGER 글로벌4차산업혁신기술(합성 H)
464310,1.0,Indxx Global Robotics & Artificial Intelligence Thematic Index(PR),61,1245,8300000,KR7464310002,TIGER 글로벌AI&로보틱스 INDXX
418670,1.0,Indxx Cybersecurity 지수 (PR),31,506,2720000,KR7418670006,TIGER 글로벌AI사이버보안
466950,1.0,Indxx Artificial Intelligence and Big Data 지수(PR),46,5904,18490000,KR7466950003,TIGER 글로벌AI액티브
491010,1.0,Mirae Asset AI Infrastructure 지수(PR),33,6709,25080000,KR7491010005,TIGER 글로벌AI전력인프라액티브
412770,1.0,Indxx Global Metaverse Index (Price Return),47,806,6090000,KR7412770000,TIGER 글로벌AI플랫폼액티브
387270,1.0,NASDAQ 100,17,310,1210000,KR7387270002,TIGER 글로벌이노베이션액티브
276000,1.0,MorningStar Global Upstream Resources Index(PR),5,174,850000,KR7276000007,TIGER 글로벌자원생산기업(합성 H)
394660,1.0,Solactive Autonomous & Electric Vehicles 지수(PR),75,1112,6560000,KR7394660005,TIGER 글로벌자율주행&전기차SOLACTIVE
371450,1.0,Indxx Global Cloud Computing Index(PR),42,219,1560000,KR7371450008,TIGER 글로벌클라우드컴퓨팅INDXX
464930,1.0,Mirae Asset Global Innovative Bluechip Top 10 Index(PR),11,1216,5550000,KR7464930007,TIGER 글로벌혁신블루칩TOP10
139320,1.0,S&P GSCI Precious Metals Index(TR),6,405,2200000,KR7139320006,TIGER 금은선물(H)
137610,1.0,S&P GSCI Agriculture Enhanced Index(ER),8,124,2300000,KR7137610002,TIGER 농산물선물Enhanced(H)
272580,1.0,KIS MSB 6M PLUS 지수,38,7316,12834000,KR7272580002,TIGER 단기채권액티브
157450,1.0,KIS MSB 6M(총수익),4,12941,11516000,KR7157450008,TIGER 단기통안채
123320,2.0,KOSPI200,202,2736,2500000,KR7123320004,TIGER 레버리지
0043B0,1.0,KIS-미래에셋 MMF지수,279,29292,28431000,KR70043B0000,TIGER 머니마켓액티브
458250,1.0,ICE BofA Long US Treasury Principal STRIPS Index,6,3848,11220000,KR7458250008,TIGER 미국30년국채스트립액티브(합성 H)
0142D0,1.0,Akros U.S. AI Data Center TOP4 Plus 지수(PR),11,1057,8900000,KR70142D0008,TIGER 미국AI데이터센터TOP4Plus
490090,1.0,KEDI 미국AI빅테크10 지수(PR),11,2150,13200000,KR7490090008,TIGER 미국AI빅테크10
0102A0,1.0,Akros U.S. AI Software TOP4 Plus 지수 (Price Return),11,714,8450000,KR70102A0009,TIGER 미국AI소프트웨어TOP4Plus
0123G0,1.0,Akros U.S. AI Electricity SMR Index 지수(PR),11,1345,19250000,KR70123G0008,TIGER 미국AI전력SMR
225040,2.0,S&P 500,5,565,820000,KR7225040005,TIGER 미국S&P500레버리지(합성 H)
143850,1.0,S&P 500 Futures Index(ER),5,918,1175000,KR7143850006,TIGER 미국S&P500선물(H)
225030,-1.0,S&P 500 Future Index TR,6,37,1700000,KR7225030006,TIGER 미국S&P500선물인버스(H)
483240,0.0,,0,0,0,KR7483240008,TIGER 미국나스닥100ETF선물
429010,1.0,Nasdaq Next Generation 100 지수 (Price Return),106,103,500000,KR7429010002,TIGER 미국나스닥넥스트100
203780,1.0,NASDAQ Biotechnology,250,1004,2840000,KR7203780002,TIGER 미국나스닥바이오
456610,1.0,Solactive SOFR Daily Total Return Index,4,6980,11350000,KR7456610005,TIGER 미국달러SOFR금리액티브(합성)
261110,2.0,미국달러선물,4,84,500000,KR7261110001,TIGER 미국달러선물레버리지
261120,-2.0,미국달러선물,4,422,8400000,KR7261120000,TIGER 미국달러선물인버스2X
0015K0,1.0,Mirae Asset US Consumer Trend 지수 (PR),30,49,680000,KR70015K0003,TIGER 미국소비트렌드액티브
305080,1.0,S&P 10-Year U.S. Treasury Note Futures(ER),3,2238,17700000,KR7305080004,TIGER 미국채10년선물
381170,1.0,Indxx US Tech Top 10 Index,11,38890,123150000,KR7381170000,TIGER 미국테크TOP10 INDXX
472160,1.0,Indxx US Tech Top 10 Index,13,2324,12850000,KR7472160001,TIGER 미국테크TOP10 INDXX(H)
228810,1.0,WISE 미디어컨텐츠 지수,13,760,23670000,KR7228810008,TIGER 미디어컨텐츠
364970,1.0,KRX 바이오 TOP 10 지수,11,2950,37650000,KR7364970004,TIGER 바이오TOP10
488080,2.0,FnGuide 반도체TOP10 지수,21,5290,15800000,KR7488080003,TIGER 반도체TOP10레버리지
157490,1.0,FnGuide 소프트웨어 지수,24,838,9380000,KR7157490004,TIGER 소프트웨어
228800,1.0,WISE 여행레저 지수,18,665,25830000,KR7228800009,TIGER 여행레저
227570,1.0,FnGuide 퀄리티 밸류 지수,51,74,360000,KR7227570009,TIGER 우량가치
130680,1.0,S&P GSCI Crude Oil Enhanced Index ER,4,146,2150000,KR7130680002,TIGER 원유선물Enhanced(H)
217770,-1.0,S&P GSCI Crude Oil Index ER,4,209,15750000,KR7217770007,TIGER 원유선물인버스(H)
195930,1.0,EURO STOXX50,5,384,1600000,KR7195930003,TIGER 유로스탁스50(합성 H)
225050,2.0,EURO STOXX50,4,77,450000,KR7225050004,TIGER 유로스탁스레버리지(합성 H)
307510,1.0,FnGuide 의료기기 지수,50,68,500000,KR7307510008,TIGER 의료기기
225060,2.0,MSCI EM Index,6,169,1060000,KR7225060003,TIGER 이머징마켓MSCI레버리지(합성 H)
236350,2.0,Nifty 50 Index,8,188,620000,KR7236350005,TIGER 인도니프티50레버리지(합성)
365000,1.0,KRX 인터넷 TOP 10 지수,11,401,10300000,KR7365000009,TIGER 인터넷TOP10
195920,1.0,TOPIX,4,178,500000,KR7195920004,TIGER 일본TOPIX(합성 H)
241180,1.0,Nikkei 225,225,3979,10980000,KR7241180009,TIGER 일본니케이225
292560,1.0,엔선물,2,370,4500000,KR7292560000,TIGER 일본엔선물
157500,1.0,FnGuide 증권 지수,11,2406,18160000,KR7157500000,TIGER 증권
0067Y0,1.0,"Mirae Asset China AI Software 지수 (Price Return, HKD)",16,104,900000,KR70067Y0004,TIGER 차이나AI소프트웨어
192090,1.0,CSI 300,301,1377,10600000,KR7192090009,TIGER 차이나CSI300
204480,2.0,CSI 300,6,1014,3720000,KR7204480008,TIGER 차이나CSI300레버리지(합성)
217780,-1.0,CSI 300,5,81,1550000,KR7217780006,TIGER 차이나CSI300인버스(합성)
414780,1.0,STAR 50 Index(Price Return),8,2361,15650000,KR7414780007,TIGER 차이나과창판STAR50(합성)
0067V0,1.0,"Solactive-KEDI 차이나글로벌리더스TOP3플러스 지수 (Price Return, CNH)",11,231,2200000,KR70067V0007,TIGER 차이나글로벌리더스TOP3+
371470,1.0,Solactive China Biotech Index(PR),34,491,5480000,KR7371470006,TIGER 차이나바이오테크SOLACTIVE
396520,1.0,FactSet China Semiconductor 지수(PR),22,6053,41160000,KR7396520009,TIGER 차이나반도체FACTSET
371460,1.0,Solactive China Electric Vehicle and Battery Index(PR),39,8043,72800000,KR7371460007,TIGER 차이나전기차SOLACTIVE
456680,2.0,Solactive China Electric Vehicle and Battery Index(PR),7,387,5230000,KR7456680008,TIGER 차이나전기차레버리지(합성)
396510,1.0,Solactive China Clean Energy 지수(PR),39,145,1840000,KR7396510000,TIGER 차이나클린에너지SOLACTIVE
117690,1.0,Hang Seng China (Hong Kong-listed) 30 Index,31,101,500000,KR7117690008,TIGER 차이나항셍30
438320,2.0,Hang Seng TECH Index,7,249,4390000,KR7438320004,TIGER 차이나항셍테크레버리지(합성 H)
0117V0,1.0,KEDI 코리아AI전력기기TOP3플러스 지수,11,10284,52950000,KR70117V0007,TIGER 코리아AI전력기기TOP3플러스
0091P0,1.0,iSelect 코리아 원자력 지수 (Price Return),17,5608,34000000,KR70091P0005,TIGER 코리아원자력
471780,1.0,KRX 정보기술,21,2666,7640000,KR7471780007,TIGER 코리아테크액티브
232080,1.0,KSQ150,150,14132,93320000,KR7232080002,TIGER 코스닥150
233160,2.0,KSQ150,153,1970,22600000,KR7233160001,TIGER 코스닥150 레버리지
261060,1.0,KSQ150 정보기술,57,276,1160000,KR7261060008,TIGER 코스닥150IT
261070,1.0,코스닥 150 헬스케어,27,646,4640000,KR7261070007,TIGER 코스닥150바이오테크
277650,1.0,중형주,196,42,200000,KR7277650008,TIGER 코스피중형주
387280,1.0,FnGuide 퓨처모빌리티 지수,44,159,1350000,KR7387280001,TIGER 퓨처모빌리티액티브
449690,1.0,KRX CSI 한·중 반도체 지수,7,368,750000,KR7449690007,TIGER 한중반도체(합성)
449680,1.0,KRX CSI 한·중 전기차 지수,7,95,850000,KR7449680008,TIGER 한중전기차(합성)
143860,1.0,KRX 헬스케어,68,1646,4020000,KR7143860005,TIGER 헬스케어
456600,1.0,Solactive Global Artificial Intelligence 지수,41,21952,37020000,KR7456600006,TIME 글로벌AI인공지능액티브
485810,1.0,KEDI 글로벌 불로장생바이오 지수(원화환산),31,122,1100000,KR7485810006,TIME 글로벌바이오액티브
494180,1.0,Solactive 뉴에이지컨수머지수,74,102,800000,KR7494180003,TIME 글로벌소비트렌드액티브
478150,1.0,Solactive Aerospace and Defense USD Index PR,34,2756,12800000,KR7478150006,TIME 글로벌우주테크&방산액티브
0113D0,1.0,"Bloomberg World Large, Mid & Small cap PR Index",5,752,6150000,KR70113D0003,TIME 글로벌탑픽액티브
426020,1.0,S&P 500,63,4020,12200000,KR7426020004,TIME 미국S&P500액티브
426030,1.0,NASDAQ 100,48,25600,53160000,KR7426030003,TIME 미국나스닥100액티브
0019K0,1.0,FnGuide 미국나스닥100 단기채권혼합 지수,47,5692,41900000,KR70019K0009,TIME 미국나스닥100채권혼합50액티브
0043Y0,1.0,Solactive China Artificial Intelligence 지수(원화환산)(PR),48,3783,17800000,KR70043Y0003,TIME 차이나AI테크액티브
472720,1.0,KOSPI200,41,133,520000,KR7472720002,TRUSTON 주주가치액티브
496130,1.0,코리아 밸류업 지수,39,137,540000,KR7496130006,TRUSTON 코리아밸류업액티브
458030,1.0,KAP 국공채 머니마켓 총수익 지수,43,779,1418000,KR7458030004,WON 국공채머니마켓액티브
426150,1.0,KAP 한국 국고채 총수익 지수,24,306,602000,KR7426150009,WON 대한민국국고채액티브
444490,1.0,S&P 500,493,909,4300000,KR7444490007,WON 미국S&P500
440910,1.0,S&P Aerospace & Defense Select Industry Index(PR),49,623,2200000,KR7440910008,WON 미국우주항공방산
496020,1.0,KIS 전단채플러스 TR 지수,52,3711,6516000,KR7496020009,WON 전단채플러스액티브
488720,1.0,KIS 종합채권시장 총수익지수(AA-이상),40,1297,2676000,KR7488720004,WON 종합채권(AA-이상)액티브
0154F0,1.0,iSelect 초대형IB&금융지주 지수,11,363,2950000,KR70154F0001,WON 초대형IB&금융지주
0053M0,1.0,K200중소형주,21,60,450000,KR70053M0004,더제이 중소형포커스액티브
465780,1.0,KAP 26-09 특수채 지수(총수익),11,1023,963000,KR7465780005,마이티 26-09 특수채(AAA)액티브
442260,1.0,KOSPI200,71,464,1240000,KR7442260006,마이티 다이나믹퀀트액티브
0001P0,1.0,FnGuide 바이오시밀러&CDMO 지수,20,111,1120000,KR70001P0004,마이티 바이오시밀러&CDMO액티브
159800,1.0,KOSPI100,101,238,280000,KR7159800002,마이티 코스피100
407820,1.0,FnGuide 플랫폼 지수(Price Return),26,115,1800000,KR7407820000,에셋플러스 코리아플랫폼액티브
491510,1.0,FnGuide K-주주가치 지수,65,151,850000,KR7491510004,파워 K-주주가치액티브
498180,1.0,"KIS 한국종합채권지수(AA-이상, 총수익)",60,1127,1211000,KR7498180009,파워 종합채권(AA-이상)액티브
0182R0,1.0,NICE K반도체 TOP2 MAX+ 지수,11,3432,32550000,KR70182R0003,1Q K반도체TOP2+
0182S0,1.0,KEDI K반도체TOP2채권혼합 지수,9,2344,19150000,KR70182S0002,1Q K반도체TOP2채권혼합50
0198D0,2.0,KRX SK하이닉스 선물 지수,3,258,3160000,KR70198D0001,1Q SK하이닉스선물단일종목레버리지
0131W0,1.0,KIS 단기특수은행채 지수(총수익),15,1343,1318000,KR70131W0008,1Q 단기특수은행채액티브
0198B0,2.0,KRX 삼성전자 선물 지수,3,267,2190000,KR70198B0003,1Q 삼성전자선물단일종목레버리지
0224X0,1.0,KEDI 엔비디아알파벳미국채혼합50 지수,8,186,1850000,KR70224X0005,1Q 엔비디아알파벳미국채혼합50
0172V0,1.0,Bloomberg Blended Silver Spot USD index,6,582,6600000,KR70172V0009,1Q 은액티브
0206G0,1.0,KEDI 현대차&기아채권혼합50지수,6,252,3000000,KR70206G0008,1Q 현대차기아채권혼합50
332500,1.0,코스피200 TR,200,1665,2300000,KR7332500008,ACE 200TR
0210A0,1.0,KRX K-AI 반도체TOP2+지수 (시장가격),11,3156,43900000,KR70210A0008,ACE K반도체TOP2+
0216Z0,1.0,KRX K-AI 방산TOP5+ 지수,11,188,1900000,KR70216Z0003,ACE K방산TOP5+
0172Y0,1.0,iSelect K수출핵심산업 지수 (시장가격),21,83,850000,KR70172Y0006,ACE K수출핵심TOP10산업액티브
0177X0,1.0,Akros K-휴머노이드 로봇 TOP2+ 지수 (시장가격),16,1143,11050000,KR70177X0002,ACE K휴머노이드로봇산업TOP2+
0194T0,2.0,KRX SK하이닉스 지수,5,551,7075000,KR70194T0007,ACE SK하이닉스단일종목레버리지
0155M0,1.0,Solactive US SMR Nuclear TOP 10 Index (Price Return),11,310,4150000,KR70155M0001,ACE 미국SMR원자력TOP10
0180V0,1.0,FnGuide 미국스페이스테크 지수(시장가격),18,1718,18700000,KR70180V0009,ACE 미국우주테크액티브
0194M0,2.0,KRX 삼성전자 지수,4,577,4975000,KR70194M0004,ACE 삼성전자단일종목레버리지
145670,-1.0,K200선물,4,30,2300000,KR7145670006,ACE 인버스
0209Z0,1.0,Akros 코리아 AI전력 TOP 10 지수 (시장가격),11,390,5350000,KR70209Z0002,ACE 코리아AI전력TOP10
0193M0,1.0,KAP 27-12 특수채 총수익 지수(AAA이상),9,1063,2114000,KR70193M0005,BNK 27-12 특수채(AAA이상)액티브
466810,1.0,iSelect 2차전지양극재 지수,13,83,1450000,KR7466810009,BNK 2차전지양극재
457930,1.0,iSelect 미래전략기술 지수 (PR),43,84,300000,KR7457930006,BNK 미래전략기술액티브
0218K0,1.0,FnGuide 스마트카 지수,21,84,750000,KR70218K0008,BNK 스마트카
487750,1.0,FnGuide 온디바이스AI 지수,20,121,400000,KR7487750002,BNK 온디바이스AI
445690,1.0,FnGuide 주주가치 지수,54,181,600000,KR7445690001,BNK 주주가치액티브
0120J0,1.0,FnGuide 카카오그룹 포커스 지수,15,102,1250000,KR70120J0008,BNK 카카오그룹포커스
0220B0,1.0,KOSDAQ,32,472,4550000,KR70220B0005,DS 코스닥액티브
332930,1.0,코스피200 TR,199,2049,1450000,KR7332930007,HANARO 200TR
304780,2.0,K200선물,6,552,450000,KR7304780000,HANARO 200선물레버리지
306520,-1.0,K200선물,2,14,600000,KR7306520008,HANARO 200선물인버스
0123S0,1.0,KIS 은행채2612만기형 지수,7,635,6250000,KR70123S0004,HANARO 26-12 은행채(AA+이상)액티브
0091M0,1.0,KIS 회사채(AA-이상)2706만기형지수(총수익),12,1058,10430000,KR70091M0008,HANARO 27-06 회사채(AA-이상)액티브
395290,1.0,FnGuide K-POP&미디어 지수 (시장가격),13,308,6200000,KR7395290000,HANARO Fn K-POP&미디어
368190,1.0,FnGuide K-뉴딜 디지털 플러스 지수,21,262,3200000,KR7368190005,HANARO Fn K-뉴딜디지털플러스
0155N0,1.0,iSelect K휴머노이드테마TOP10 지수,11,336,4050000,KR70155N0000,HANARO K휴머노이드테마TOP10
332940,1.0,MSCI Korea TR Index,78,1150,2400000,KR7332940006,HANARO MSCI Korea TR
0215T0,1.0,Indxx US AI Optical Communication TOP10 Index(PR),11,90,900000,KR70215T0002,HANARO 미국AI광통신TOP10
0181B0,1.0,Solactive US AI Memory Semiconductor Top4+ Index,11,1221,12500000,KR70181B0002,HANARO 미국AI메모리반도체TOP4+
0219Z0,1.0,S&P 500,34,88,800000,KR70219Z0000,HANARO 미국S&P500액티브
498050,1.0,iSelect K-바이오헬스케어,27,116,1000000,KR7498050004,HANARO 바이오코리아액티브
306530,2.0,F-KSQ150,4,34,440000,KR7306530007,HANARO 코스닥150선물레버리지
0221V0,1.0,KIS 단기자금 총수익지수,21,1071,1069000,KR70221V0000,IBK 초단기채권액티브
0191S0,1.0,KSQ150,150,110,740000,KR70191S0001,IBK 코스닥150
0208N0,1.0,종합,46,123,1650000,KR70208N0007,IBK 코스피액티브
483570,1.0,S&P500 Top10 25% Capped Index(PR),12,258,1600000,KR7483570008,KCGI 미국S&P500 TOP10
294400,1.0,코스피200 TR,199,18226,12900000,KR7294400007,KIWOOM 200TR
253240,-1.0,K200선물,3,16,1220000,KR7253240006,KIWOOM 200선물인버스
253230,-2.0,K200선물,4,21,28400000,KR7253230007,KIWOOM 200선물인버스2X
0190M0,1.0,Akros 미국AI&프론티어테크 하이베타 지수,31,216,2350000,KR70190M0008,KIWOOM 미국AI테크하이베타
0224D0,1.0,iSelect 미국CPU반도체TOP4 지수,11,98,1000000,KR70224D0009,KIWOOM 미국CPU반도체TOP4+
230480,-2.0,미국달러선물,3,88,2010000,KR7230480006,KIWOOM 미국달러선물인버스2X
0207Z0,1.0,iSelect 미국 우주데이터센터인프라 지수,13,170,2150000,KR70207Z0004,KIWOOM 미국우주데이터센터인프라
0216K0,1.0,Akros 미국 우주 Top 2 채권혼합 지수,9,92,1000000,KR70216K0000,KIWOOM 미국우주테크TOP2채권혼합50
291630,2.0,F-KSQ150,3,57,1450000,KR7291630002,KIWOOM 코스닥150선물레버리지
0220A0,1.0,FnGuide 현대차그룹TOP3 채권혼합 지수,12,154,1600000,KR70220A0006,KIWOOM 현대차그룹TOP3채권혼합50
278530,1.0,코스피200 TR,200,77835,199650000,KR7278530001,KODEX 200TR
252670,-2.0,K200선물,3,6165,7735100000,KR7252670005,KODEX 200선물인버스2X
462330,2.0,FnGuide 2차전지 산업 지수,39,7178,698600000,KR7462330002,KODEX 2차전지산업레버리지
271060,1.0,S&P GSCI Grains Select Index Excess Return,9,299,3630000,KR7271060006,KODEX 3대농산물선물(H)
306950,2.0,KRX 300,302,610,800000,KR7306950007,KODEX KRX300레버리지
278540,1.0,MSCI Korea TR Index,78,23394,61100000,KR7278540000,KODEX MSCI Korea TR
0193T0,2.0,KRX SK하이닉스 지수,3,23387,252575000,KR70193T0008,KODEX SK하이닉스단일종목레버리지
315930,1.0,FnGuide TOP 5 Plus Total Return 지수,11,9840,12200000,KR7315930008,KODEX Top5PlusTR
261220,1.0,S&P GSCI Crude Oil Index ER,5,515,2225000,KR7261220008,KODEX WTI원유선물(H)
271050,-1.0,S&P GSCI Crude Oil Index ER,5,1324,64425000,KR7271050007,KODEX WTI원유선물인버스(H)
280940,-1.0,S&P GSCI GOLD Index Excess Return,4,27,800000,KR7280940008,KODEX 골드선물인버스(H)
138910,1.0,S&P GSCI North American Copper Index(TR),6,334,3300000,KR7138910005,KODEX 구리선물(H)
276990,1.0,ROBO Global Robotics & Automation UCITS Price Return Index,2,486,1770000,KR7276990009,KODEX 글로벌로봇(합성)
0064K0,1.0,Bloomberg Gold Spot NY 4pm USD Index,9,1612,12290000,KR70064K0003,KODEX 금액티브
0162M0,1.0,KAP 금융채 1-2년 총수익 지수,73,4657,46310000,KR70162M0002,KODEX 금융채1~2년(AA-이상)PLUS액티브
122630,2.0,KOSPI200,209,62872,57850000,KR7122630007,KODEX 레버리지
304660,1.0,S&P Ultra T-Bond Futures Index(ER),4,1348,18600000,KR7304660004,KODEX 미국30년국채울트라선물(H)
0225V0,1.0,Indxx US CPU Semiconductor TOP 10 Index (Price Return),11,759,7000000,KR70225V0006,KODEX 미국CPU반도체TOP10
200030,1.0,S&P Select Sector Industrial Index,3,513,1128000,KR7200030005,KODEX 미국S&P500산업재(합성)
218420,1.0,S&P Select Sector Energy Index,4,495,2455000,KR7218420008,KODEX 미국S&P500에너지(합성)
185680,1.0,S&P Biotechnology Select Industry Index,4,257,532000,KR7185680006,KODEX 미국S&P바이오(합성)
409810,-1.0,NASDAQ 100,4,115,2100000,KR7409810009,KODEX 미국나스닥100선물인버스(H)
261270,-1.0,미국달러선물,2,1064,13510000,KR7261270003,KODEX 미국달러선물인버스
261260,-2.0,미국달러선물,7,2347,46370000,KR7261260004,KODEX 미국달러선물인버스2X
494310,2.0,KRX 반도체,47,10217,13700000,KR7494310006,KODEX 반도체레버리지
0100K0,2.0,iSelect 방산 TOP10 지수(Price Return),18,451,5600000,KR70100K0009,KODEX 방산TOP10레버리지
400570,1.0,ICE EUA Carbon Futures Index(Excess Return),4,124,1100000,KR7400570008,KODEX 유럽탄소배출권선물ICE(H)
114800,-1.0,K200선물,2,6868,663200000,KR7114800006,KODEX 인버스
0209D0,1.0,Akros 한국 전고체 배터리 ESS TOP2 플러스 지수(Price Return),11,1099,13650000,KR70209D0008,KODEX 전고체배터리ESS TOP2플러스
419430,1.0,MSCI China all shares IMI Select Batteries Index(Price Return),6,283,2800000,KR7419430004,KODEX 차이나2차전지MSCI(합성)
204450,2.0,HSCEI (Hang Seng China Enterprise Index),54,233,10000000,KR7204450001,KODEX 차이나H레버리지(H)
415340,1.0,STAR 50 Index(Price Return),4,318,2070000,KR7415340009,KODEX 차이나과창판STAR50(합성)
233740,2.0,KSQ150,157,40285,513000000,KR7233740000,KODEX 코스닥150레버리지
360150,1.0,코스닥150 롱 코스피200 숏 선물지수,5,137,4100000,KR7360150007,KODEX 코스닥150롱코스피200숏선물
251340,-1.0,F-KSQ150,2,1340,58000000,KR7251340006,KODEX 코스닥150선물인버스
359210,1.0,코스피 TR,778,883,2500000,KR7359210002,KODEX 코스피TR
450190,1.0,KRX CSI 한·중 반도체 지수,6,297,600000,KR7450190004,KODEX 한중반도체(합성)
450180,1.0,KRX CSI 한·중 전기차 지수,6,74,650000,KR7450180005,KODEX 한중전기차(합성)
0204D0,1.0,Akros 현대차로보틱스 밸류체인 TOP3 플러스 지수 (PR),11,2147,31600000,KR70204D0003,KODEX 현대차로보틱스밸류체인TOP3플러스
487130,1.0,Solactive AI인프라 지수,35,435,1550000,KR7487130007,KoAct AI인프라액티브
0074K0,1.0,KEDI K수출핵심기업TOP30 지수(PR),32,1371,7700000,KR70074K0001,KoAct K수출핵심기업TOP30액티브
0222D0,1.0,K고배당,45,114,1100000,KR70222D0001,KoAct 고배당액티브
0219B0,1.0,FnGuide 저궤도위성 & 광통신 인프라 지수,29,94,800000,KR70219B0008,KoAct 광통신&위성네트워크액티브
0174B0,1.0,Solactive 글로벌AI메모리반도체 지수 (PR),29,1124,7850000,KR70174B0001,KoAct 글로벌AI메모리반도체액티브
0132D0,1.0,KEDI 글로벌 K컬처밸류체인 지수(PR),24,52,550000,KR70132D0000,KoAct 글로벌K컬처밸류체인액티브
0020H0,1.0,FactSet 글로벌양자컴퓨팅 PR 지수,30,511,2150000,KR70020H0001,KoAct 글로벌양자컴퓨팅액티브
0015B0,1.0,나스닥 종합주가지수,45,6345,32500000,KR70015B0004,KoAct 미국나스닥성장기업액티브
0186L0,1.0,iSelect 미국로봇피지컬AI지수,52,226,2300000,KR70186L0005,KoAct 미국로봇피지컬AI액티브
490330,1.0,Solactive 미국뇌질환치료제 PR 지수,24,54,350000,KR7490330008,KoAct 미국치매&뇌질환치료제액티브
462900,1.0,iSelect 바이오헬스케어 PR 지수,25,4051,26400000,KR7462900002,KoAct 바이오헬스케어액티브
0150K0,1.0,FnGuide 수소전력ESS인프라 지수(PR),52,313,2900000,KR70150K0008,KoAct 수소전력ESS인프라액티브
0154H0,1.0,Solactive 차이나바이오헬스케어지수 PR,31,49,600000,KR70154H0009,KoAct 차이나바이오헬스케어액티브
0163Y0,1.0,KOSDAQ,73,4801,52150000,KR70163Y0007,KoAct 코스닥액티브
0193G0,1.0,종합,49,1264,15100000,KR70193G0003,KoAct 코스피액티브
0093D0,1.0,KEDI 팔란티어밸류체인지수(PR),44,250,1350000,KR70093D0007,KoAct 팔란티어밸류체인액티브
0214M0,1.0,KRX 헬스케어,27,100,850000,KR70214M0000,MIDAS 바이오헬스케어액티브
0191B0,1.0,KOSDAQ,60,60,200000,KR70191B0000,MIDAS 코스닥액티브
491220,1.0,코스피200 TR,199,575,450000,KR7491220000,PLUS 200TR
0226A0,1.0,Akros SK하이닉스 샌디스크 채권혼합 50 지수,10,513,5000000,KR70226A0000,PLUS SK하이닉스샌디스크채권혼합50
0193K0,2.0,KRX 삼성전자 지수,5,194,1500000,KR70193K0007,PLUS 삼성전자단일종목레버리지
0193L0,-2.0,KRX 삼성전자 선물 지수,2,144,1500000,KR70193L0006,PLUS 삼성전자선물단일종목인버스2X
0184N0,1.0,Akros 은 채권혼합 지수,12,80,900000,KR70184N0005,PLUS 은채권혼합
0184L0,1.0,KIS 중기종합채권(A-이상) 지수(총수익),14,1342,1335000,KR70184L0007,PLUS 중기종합채권(A-이상)액티브
328370,1.0,코스피 TR,669,1187,3100000,KR7328370002,PLUS 코스피TR
361580,1.0,코스피200 TR,199,4925,8000000,KR7361580004,RISE 200TR
252410,-1.0,K200선물,4,25,2000000,KR7252410006,RISE 200선물인버스
252420,-2.0,K200선물,4,42,49900000,KR7252420005,RISE 200선물인버스2X
0192L0,2.0,KRX SK하이닉스 지수,3,383,4900000,KR70192L0007,RISE SK하이닉스단일종목레버리지
315960,1.0,WISE 대형고배당10 TR 지수,11,5078,6600000,KR7315960005,RISE 대형고배당10TR
0176E0,1.0,Solactive US AI Electricity Infrastructure Index PR,19,1356,12400000,KR70176E0006,RISE 미국AI전력인프라액티브
469530,-1.0,미국달러선물,2,58,640000,KR7469530000,RISE 미국달러선물인버스
0218J0,1.0,Akros 미국 우주-로봇 TOP2 채권혼합50 지수,11,274,3000000,KR70218J0001,RISE 미국우주&로봇TOP2미국채혼합50
0192M0,2.0,KRX 삼성전자 지수,3,354,3100000,KR70192M0006,RISE 삼성전자단일종목레버리지
0164G0,1.0,Solactive China AI Semiconductor TOP 4 Plus Index,16,287,2100000,KR70164G0008,RISE 차이나AI반도체TOP4Plus
0223A0,1.0,코스닥 150 타겟 15% 위클리 커버드콜 지수,25,209,1900000,KR70223A0003,RISE 코스닥커버드콜액티브
0190C0,1.0,KEDI 현대차고정피지컬AI 지수,16,5374,59900000,KR70190C0000,RISE 현대차고정피지컬AI
295040,1.0,코스피200 TR,200,9931,24600000,KR7295040000,SOL 200TR
0167A0,1.0,FnGuide AI반도체 TOP2 플러스 지수(PR),11,56813,321650000,KR70167A0001,SOL AI반도체TOP2플러스
0197X0,-2.0,KRX SK하이닉스 선물 지수,2,715,8350000,KR70197X0008,SOL SK하이닉스선물단일종목인버스2X
0181L0,1.0,KEDI 미국우주항공 TOP10(PR),11,690,8200000,KR70181L0000,SOL 미국우주항공TOP10
0207G0,1.0,Akros 우주항공밸류체인 지수(PR),11,434,5800000,KR70207G0007,SOL 우주항공밸류체인
495550,1.0,코리아 밸류업 TR 지수,100,1922,5850000,KR7495550006,SOL 코리아밸류업TR
0139F0,1.0,KIS 12월 만기 자동연장금융채(AA-이상) 총수익지수,173,10784,10578000,KR70139F0001,TIGER 12월자동연장금융채(AA-이상)액티브
310960,1.0,코스피200 TR,200,3522,5600000,KR7310960000,TIGER 200TR
252710,-2.0,K200선물,3,247,278800000,KR7252710009,TIGER 200선물인버스2X
0094K0,1.0,KIS 회사채 2804만기형 지수(총수익),34,2771,2771000,KR70094K0007,TIGER 28-04 회사채(A+이상)액티브
310970,1.0,MSCI Korea TR Index,78,43621,90700000,KR7310970009,TIGER MSCI Korea TR
0195S0,2.0,KRX SK하이닉스 지수,3,13648,178375000,KR70195S0007,TIGER SK하이닉스단일종목레버리지
0168K0,1.0,KRX 기술이전바이오 지수 (PR),33,1425,20820000,KR70168K0008,TIGER 기술이전바이오액티브
0183J0,1.0,Akros U.S. Space Tech 지수(PR),11,13050,146250000,KR70183J0002,TIGER 미국우주테크
0223R0,1.0,NYSE 100 지수(Price Return),36,280,2870000,KR70223R0004,TIGER 미국테크NYSE100액티브
0195R0,2.0,KRX 삼성전자 지수,3,10294,90400000,KR70195R0008,TIGER 삼성전자단일종목레버리지
0189B0,1.0,ICE Silver Spot 지수 (시장가격),7,415,4950000,KR70189B0004,TIGER 은액티브
123310,-1.0,K200선물,2,501,43600000,KR7123310005,TIGER 인버스
0192Z0,1.0,NICE 중기종합채권(A-이상)(총수익지수),22,1927,1910000,KR70192Z0001,TIGER 중기종합채권(A-이상)액티브
0133E0,1.0,Solactive China Securities Index (Price Return),13,94,1050000,KR70133E0008,TIGER 차이나증권
0148J0,1.0,KEDI 코리아 휴머노이드로봇산업 지수 (PR),16,6726,67350000,KR70148J0006,TIGER 코리아휴머노이드로봇산업
250780,-1.0,F-KSQ150,2,64,2200000,KR7250780004,TIGER 코스닥150선물인버스
0204S0,1.0,KOSDAQ,63,336,4460000,KR70204S0006,TIGER 코스닥액티브
463050,1.0,KRX 헬스케어,33,2353,17000000,KR7463050005,TIME K바이오액티브
404120,1.0,KRX 기후변화 솔루션지수,27,177,700000,KR7404120008,TIME K신재생에너지액티브
385710,1.0,KRX BBIG 지수,22,111,1000000,KR7385710009,TIME K이노베이션액티브
410870,1.0,FnGuide K-컬처 지수,24,117,1200000,KR7410870000,TIME K컬처액티브
0185L0,1.0,Solactive Global AI Humanoid Robotics 지수(원화환산)(PR),35,556,6850000,KR70185L0006,TIME 글로벌휴머노이드로봇산업액티브
495060,1.0,코리아 밸류업 지수,33,2154,7500000,KR7495060006,TIME 코리아밸류업액티브
0162Y0,1.0,KOSDAQ,65,2797,35700000,KR70162Y0008,TIME 코스닥액티브
385720,1.0,종합,36,3880,15400000,KR7385720008,TIME 코스피액티브
0184V0,1.0,FnGuide K-바이오 밸런스드 지수,16,77,1150000,KR70184V0005,UNICORN K바이오액티브
433250,1.0,KOSPI200,40,59,250000,KR7433250008,UNICORN R&D 액티브
494220,1.0,FnGuide SK하이닉스밸류체인 지수,23,1647,3550000,KR7494220007,UNICORN SK하이닉스밸류체인액티브
476000,1.0,iSelect 포스트 IPO 지수,18,31,550000,KR7476000005,UNICORN 포스트IPO액티브
413930,1.0,MK-iSelect AI ESG 지수(시장가격지수),60,152,550000,KR7413930009,WON AI ESG액티브
0088N0,1.0,DeepSearch 외인수급 Top20 지수,21,137,1250000,KR70088N0002,WON K-글로벌수급상위
0177A0,1.0,iSelect 두산그룹 포커스 지수,13,224,2450000,KR70177A0009,WON 두산그룹포커스
489290,1.0,Bloomberg US Billionaires Investment Select Index(PR),50,279,1800000,KR7489290007,WON 미국빌리어네어
474590,1.0,FnGuide 반도체 밸류체인 (Price Return) 지수,17,3491,8050000,KR7474590007,WON 반도체밸류체인액티브
0203S0,1.0,KAP 삼성전자현대차채권혼합지수,4,295,3350000,KR70203S0007,WON 삼성전자현대차채권혼합50
0203R0,1.0,KAP 중단기 종합채권 총수익 지수(A-이상),8,191,380000,KR70203R0008,WON 중단기종합채권(A-이상)액티브
0226G0,1.0,FnGuide 피지컬AI TOP2플러스 지수,20,102,800000,KR70226G0004,WON 피지컬AI TOP2플러스액티브
0112X0,1.0,코스피200 TR,197,364,900000,KR70112X0000,마이티 200TR
0191M0,1.0,KAP 5월 만기자동연장 특수채(AAA) 총수익 지수,5,416,414000,KR70191M0007,마이티 5월만기자동연장특수채(AAA)액티브
0222F0,1.0,KAP AI데이터센터밸류체인지수,23,129,1000000,KR70222F0009,마이티 AI데이터센터밸류체인
462340,1.0,S&P 500,27,85,500000,KR7462340001,에셋플러스 글로벌다이나믹시니어액티브
433220,1.0,S&P 500,28,233,740000,KR7433220001,에셋플러스 글로벌대장장이액티브
451150,1.0,S&P 500,30,113,620000,KR7451150007,에셋플러스 글로벌영에이지액티브
477490,1.0,MSCI World,15,178,900000,KR7477490007,에셋플러스 글로벌일등기업포커스10액티브
407830,1.0,S&P 500,27,341,2400000,KR7407830009,에셋플러스 글로벌플랫폼액티브
0002C0,1.0,MSCI India IMI Index(PR),27,109,1080000,KR70002C0008,에셋플러스 인도일등기업포커스20액티브
474920,1.0,"MSCI China Index(USD, Price Return)",15,181,940000,KR7474920006,에셋플러스 차이나일등기업포커스10액티브
442090,1.0,FnGuide 대장장이 지수(Price Return),29,448,1500000,KR7442090007,에셋플러스 코리아대장장이액티브
