KRX코드,YTD수익률,1년수익률,시작일_YTD,시작일_1년,기준일자
451060,55.47,124.64,20260102,20250812,20260811
491610,1.64,1.96,20260102,20250812,20260811
0103T0,-11.47,,20260102,20250812,20260811
463290,1.72,0.95,20260102,20250812,20260811
0131W0,1.63,,20260102,20250812,20260811
479080,1.94,2.12,20260102,20250812,20260811
0026S0,10.37,23.02,20260102,20250812,20260811
0052S0,4.25,12.57,20260102,20250812,20260811
0069M0,14.02,27.57,20260102,20250812,20260811
0111P0,6.43,,20260102,20250812,20260811
0083S0,-9.07,5.67,20260102,20250812,20260811
0004G0,6.31,4.56,20260102,20250812,20260811
0131V0,-3.21,,20260102,20250812,20260811
0094X0,-14.11,,20260102,20250812,20260811
0017Y0,-4.52,-7.77,20260102,20250812,20260811
0052T0,1.19,0.66,20260102,20250812,20260811
495330,66.01,142.28,20260102,20250812,20260811
492500,0.43,-0.8,20260102,20250812,20260811
473440,1.74,1.17,20260102,20250812,20260811
105190,57.74,128.43,20260102,20250812,20260811
332500,59.77,131.94,20260102,20250812,20260811
475260,1.66,1.42,20260102,20250812,20260811
385600,47.36,73.46,20260102,20250812,20260811
475270,1.81,1.42,20260102,20250812,20260811
475280,1.9,1.47,20260102,20250812,20260811
469150,80.73,236.7,20260102,20250812,20260811
0079X0,-15.89,0.38,20260102,20250812,20260811
385590,58.66,123.55,20260102,20250812,20260811
226380,-9.81,-16.44,20260102,20250812,20260811
475050,-42.54,-45.6,20260102,20250812,20260811
411060,-4.63,32.8,20260102,20250812,20260811
291130,6.79,26.98,20260102,20250812,20260811
256440,-37.65,-37.94,20260102,20250812,20260811
261920,-3.4,-3.36,20260102,20250812,20260811
0139P0,24.03,,20260102,20250812,20260811
225130,-13.15,38.14,20260102,20250812,20260811
483340,49.97,92.35,20260102,20250812,20260811
365780,-4.24,-10.24,20260102,20250812,20260811
114460,-1.33,-3.2,20260102,20250812,20260811
494340,62.86,62.92,20260102,20250812,20260811
446770,60.56,145.18,20260102,20250812,20260811
435040,-0.4,13.17,20260102,20250812,20260811
497510,8.3,41.45,20260102,20250812,20260811
460960,-1.04,4.91,20260102,20250812,20260811
414270,-4.36,5.8,20260102,20250812,20260811
440640,1.87,1.23,20260102,20250812,20260811
190620,1.45,-0.28,20260102,20250812,20260811
494330,95.92,128.76,20260102,20250812,20260811
265690,0.0,0.0,20260102,20250812,20260811
152500,85.37,273.11,20260102,20250812,20260811
483330,22.35,19.32,20260102,20250812,20260811
487340,2.04,1.74,20260102,20250812,20260811
0085P0,-5.1,-1.08,20260102,20250812,20260811
0085N0,-3.81,-4.28,20260102,20250812,20260811
452250,-11.64,-14.3,20260102,20250812,20260811
476760,-7.52,-4.61,20260102,20250812,20260811
453850,-6.25,-7.59,20260102,20250812,20260811
476750,-10.77,-13.77,20260102,20250812,20260811
480030,-2.42,2.14,20260102,20250812,20260811
0118Z0,10.19,,20260102,20250812,20260811
280320,6.1,3.9,20260102,20250812,20260811
360200,10.35,23.59,20260102,20250812,20260811
438080,5.08,10.8,20260102,20250812,20260811
309230,4.7,19.81,20260102,20250812,20260811
367380,14.13,27.96,20260102,20250812,20260811
438100,7.2,13.54,20260102,20250812,20260811
456880,0.16,5.66,20260102,20250812,20260811
440650,-0.17,2.06,20260102,20250812,20260811
0127M0,21.01,,20260102,20250812,20260811
0127P0,7.94,,20260102,20250812,20260811
480040,27.61,59.11,20260102,20250812,20260811
402970,20.81,29.5,20260102,20250812,20260811
0046Y0,10.13,20.11,20260102,20250812,20260811
0049M0,2.78,10.64,20260102,20250812,20260811
0049K0,4.41,9.13,20260102,20250812,20260811
181480,6.11,4.65,20260102,20250812,20260811
480020,-12.03,-3.02,20260102,20250812,20260811
465580,11.71,29.67,20260102,20250812,20260811
465610,16.72,52.33,20260102,20250812,20260811
465620,-13.89,-29.14,20260102,20250812,20260811
473590,-7.95,2.33,20260102,20250812,20260811
0008E0,18.01,30.45,20260102,20250812,20260811
391600,-0.5,20.37,20260102,20250812,20260811
455660,-3.32,-4.59,20260102,20250812,20260811
245710,-7.15,10.9,20260102,20250812,20260811
131890,45.96,87.9,20260102,20250812,20260811
108450,61.42,123.92,20260102,20250812,20260811
316300,-9.02,1.4,20260102,20250812,20260811
277540,29.97,63.05,20260102,20250812,20260811
483320,63.38,123.81,20260102,20250812,20260811
448540,5.84,7.84,20260102,20250812,20260811
0099L0,0.32,,20260102,20250812,20260811
433500,30.49,62.61,20260102,20250812,20260811
0102X0,7.68,,20260102,20250812,20260811
487920,-7.09,-0.06,20260102,20250812,20260811
487910,-7.57,-2.44,20260102,20250812,20260811
145670,-51.68,-67.21,20260102,20250812,20260811
497520,6.88,39.91,20260102,20250812,20260811
238720,35.0,59.51,20260102,20250812,20260811
196030,41.9,74.91,20260102,20250812,20260811
205720,-20.79,-30.36,20260102,20250812,20260811
469160,56.43,107.67,20260102,20250812,20260811
356540,-4.3,-7.7,20260102,20250812,20260811
447430,8.71,8.64,20260102,20250812,20260811
416090,29.42,73.75,20260102,20250812,20260811
168580,3.18,22.46,20260102,20250812,20260811
219900,-0.22,39.82,20260102,20250812,20260811
272910,-0.82,-3.07,20260102,20250812,20260811
0087F0,16.71,34.61,20260102,20250812,20260811
371870,-17.48,-9.16,20260102,20250812,20260811
380340,65.87,142.41,20260102,20250812,20260811
496120,69.25,145.95,20260102,20250812,20260811
354500,-6.23,9.88,20260102,20250812,20260811
305050,46.99,99.59,20260102,20250812,20260811
457480,-16.45,15.75,20260102,20250812,20260811
469170,0.44,6.98,20260102,20250812,20260811
466810,1.35,8.88,20260102,20250812,20260811
457930,32.48,84.25,20260102,20250812,20260811
487750,83.55,222.58,20260102,20250812,20260811
445690,29.39,62.05,20260102,20250812,20260811
0120J0,-22.01,,20260102,20250812,20260811
486240,78.47,180.2,20260102,20250812,20260811
434960,57.58,127.94,20260102,20250812,20260811
0098Z0,59.0,,20260102,20250812,20260811
448570,40.21,82.89,20260102,20250812,20260811
285690,32.84,54.75,20260102,20250812,20260811
0073X0,-12.7,-7.48,20260102,20250812,20260811
293180,58.11,128.83,20260102,20250812,20260811
407310,36.81,80.81,20260102,20250812,20260811
332930,59.16,131.11,20260102,20250812,20260811
304780,85.49,277.26,20260102,20250812,20260811
306520,-51.95,-67.18,20260102,20250812,20260811
0123S0,1.55,,20260102,20250812,20260811
0091M0,1.05,,20260102,20250812,20260811
448490,-4.85,-9.04,20260102,20250812,20260811
454320,29.9,66.31,20260102,20250812,20260811
395290,-42.93,-45.85,20260102,20250812,20260811
395280,1.17,-9.42,20260102,20250812,20260811
368190,-1.67,4.71,20260102,20250812,20260811
402460,66.65,84.93,20260102,20250812,20260811
395270,122.29,309.04,20260102,20250812,20260811
438900,-2.32,-9.26,20260102,20250812,20260811
367740,86.75,167.02,20260102,20250812,20260811
407300,14.81,32.43,20260102,20250812,20260811
381560,73.34,110.81,20260102,20250812,20260811
441540,-3.56,5.07,20260102,20250812,20260811
381570,29.55,30.13,20260102,20250812,20260811
479850,26.6,12.68,20260102,20250812,20260811
453060,1.55,2.57,20260102,20250812,20260811
304760,52.83,116.52,20260102,20250812,20260811
322410,23.93,33.89,20260102,20250812,20260811
332940,62.12,141.55,20260102,20250812,20260811
322400,-13.35,-9.67,20260102,20250812,20260811
473640,2.43,63.15,20260102,20250812,20260811
354350,-6.5,7.14,20260102,20250812,20260811
461340,60.23,78.89,20260102,20250812,20260811
401590,-6.48,13.97,20260102,20250812,20260811
0040S0,51.55,84.04,20260102,20250812,20260811
314700,2.95,6.64,20260102,20250812,20260811
486830,1.86,2.54,20260102,20250812,20260811
432840,10.48,23.57,20260102,20250812,20260811
498050,-25.04,-1.11,20260102,20250812,20260811
476260,39.2,100.63,20260102,20250812,20260811
434730,18.51,54.97,20260102,20250812,20260811
0082F0,10.48,18.54,20260102,20250812,20260811
491820,46.45,115.22,20260102,20250812,20260811
461500,-4.07,-9.12,20260102,20250812,20260811
0111J0,29.02,,20260102,20250812,20260811
495750,66.06,141.09,20260102,20250812,20260811
304770,-6.49,9.49,20260102,20250812,20260811
306530,-35.22,-13.09,20260102,20250812,20260811
375760,53.27,115.55,20260102,20250812,20260811
491700,59.73,128.67,20260102,20250812,20260811
0000Y0,1.61,-0.8,20260102,20250812,20260811
215620,1.13,4.29,20260102,20250812,20260811
0113P0,1.78,,20260102,20250812,20260811
391670,59.3,116.6,20260102,20250812,20260811
472920,-4.1,-12.65,20260102,20250812,20260811
472840,57.37,127.75,20260102,20250812,20260811
0005G0,110.46,264.87,20260102,20250812,20260811
0135Y0,0.0,,20260102,20250812,20260811
483570,5.61,21.78,20260102,20250812,20260811
069660,58.18,128.55,20260102,20250812,20260811
294400,59.36,131.32,20260102,20250812,20260811
253250,85.34,272.85,20260102,20250812,20260811
253240,-52.22,-67.58,20260102,20250812,20260811
253230,-83.95,-92.82,20260102,20250812,20260811
464240,0.0,-1.11,20260102,20250812,20260811
458210,1.69,2.72,20260102,20250812,20260811
488200,17.32,35.75,20260102,20250812,20260811
488210,46.1,127.1,20260102,20250812,20260811
100910,58.47,134.51,20260102,20250812,20260811
435530,7.45,16.79,20260102,20250812,20260811
435540,10.3,22.38,20260102,20250812,20260811
435550,10.81,23.32,20260102,20250812,20260811
148070,-4.2,-10.53,20260102,20250812,20260811
167860,-9.25,-19.37,20260102,20250812,20260811
471460,-22.19,-30.43,20260102,20250812,20260811
114470,-1.17,-2.91,20260102,20250812,20260811
473490,42.55,60.71,20260102,20250812,20260811
489860,17.71,31.61,20260102,20250812,20260811
130730,1.58,-0.53,20260102,20250812,20260811
419890,1.06,-1.26,20260102,20250812,20260811
411860,-0.34,6.13,20260102,20250812,20260811
476450,1.89,0.09,20260102,20250812,20260811
430500,-1.13,-4.3,20260102,20250812,20260811
449770,9.8,23.04,20260102,20250812,20260811
0127V0,9.31,,20260102,20250812,20260811
0137W0,9.36,,20260102,20250812,20260811
0127T0,12.93,,20260102,20250812,20260811
449780,11.23,18.71,20260102,20250812,20260811
0137V0,21.06,,20260102,20250812,20260811
0107F0,14.77,,20260102,20250812,20260811
453080,14.8,22.67,20260102,20250812,20260811
460270,0.31,5.94,20260102,20250812,20260811
138230,0.06,4.15,20260102,20250812,20260811
225800,-2.47,5.87,20260102,20250812,20260811
139660,1.11,-2.97,20260102,20250812,20260811
230480,0.69,-8.62,20260102,20250812,20260811
0084E0,4.97,,20260102,20250812,20260811
373790,3.2,7.96,20260102,20250812,20260811
483030,10.33,34.83,20260102,20250812,20260811
459790,13.99,31.45,20260102,20250812,20260811
498270,18.23,41.51,20260102,20250812,20260811
474800,29.63,45.0,20260102,20250812,20260811
0084D0,9.57,16.89,20260102,20250812,20260811
104520,24.82,43.61,20260102,20250812,20260811
0015E0,-0.66,-1.17,20260102,20250812,20260811
483020,-22.77,10.29,20260102,20250812,20260811
200250,-14.4,-8.35,20260102,20250812,20260811
454780,-4.78,-9.68,20260102,20250812,20260811
454180,-12.4,-9.02,20260102,20250812,20260811
104530,15.14,21.35,20260102,20250812,20260811
496090,66.03,142.68,20260102,20250812,20260811
469790,87.39,214.47,20260102,20250812,20260811
316670,-6.48,9.93,20260102,20250812,20260811
291630,-34.78,-12.23,20260102,20250812,20260811
291620,-19.0,-32.27,20260102,20250812,20260811
153270,60.64,138.28,20260102,20250812,20260811
122260,1.34,-0.76,20260102,20250812,20260811
0015F0,-3.8,-3.97,20260102,20250812,20260811
0097L0,17.43,,20260102,20250812,20260811
069500,58.42,129.17,20260102,20250812,20260811
226980,12.76,25.26,20260102,20250812,20260811
337160,70.75,158.93,20260102,20250812,20260811
363580,110.54,281.74,20260102,20250812,20260811
278530,59.17,131.76,20260102,20250812,20260811
337150,25.32,61.1,20260102,20250812,20260811
223190,49.13,94.35,20260102,20250812,20260811
252650,21.71,34.92,20260102,20250812,20260811
360140,54.58,89.39,20260102,20250812,20260811
284430,17.96,40.16,20260102,20250812,20260811
252670,-83.77,-92.78,20260102,20250812,20260811
494890,57.87,128.72,20260102,20250812,20260811
498400,35.98,69.3,20260102,20250812,20260811
0117L0,1.55,,20260102,20250812,20260811
473290,1.23,0.02,20260102,20250812,20260811
0007F0,0.59,-0.93,20260102,20250812,20260811
0119H0,-0.15,,20260102,20250812,20260811
305720,5.08,11.3,20260102,20250812,20260811
462330,-19.81,-17.46,20260102,20250812,20260811
461950,-4.48,7.75,20260102,20250812,20260811
457690,-2.6,-6.92,20260102,20250812,20260811
271060,3.98,5.82,20260102,20250812,20260811
457700,-19.13,-27.19,20260102,20250812,20260811
395160,84.0,224.72,20260102,20250812,20260811
471990,35.94,114.18,20260102,20250812,20260811
487240,47.65,118.1,20260102,20250812,20260811
481050,0.05,-0.03,20260102,20250812,20260811
459580,0.05,0.01,20260102,20250812,20260811
439860,-0.56,-2.62,20260102,20250812,20260811
266370,90.71,223.28,20260102,20250812,20260811
368680,-2.71,3.89,20260102,20250812,20260811
423160,0.05,0.0,20260102,20250812,20260811
292190,52.18,118.37,20260102,20250812,20260811
306950,73.5,239.15,20260102,20250812,20260811
229720,49.15,93.3,20260102,20250812,20260811
266360,-22.13,-23.76,20260102,20250812,20260811
291890,14.32,28.37,20260102,20250812,20260811
289040,64.85,141.6,20260102,20250812,20260811
156080,61.56,140.67,20260102,20250812,20260811
278540,62.12,143.4,20260102,20250812,20260811
251350,9.99,23.33,20260102,20250812,20260811
269420,5.56,13.55,20260102,20250812,20260811
433970,3.88,7.22,20260102,20250812,20260811
433980,6.6,13.29,20260102,20250812,20260811
434060,5.97,14.76,20260102,20250812,20260811
0082V0,4.77,14.0,20260102,20250812,20260811
329650,-0.49,1.82,20260102,20250812,20260811
329660,3.15,8.81,20260102,20250812,20260811
329670,6.31,14.62,20260102,20250812,20260811
395170,32.99,78.84,20260102,20250812,20260811
315930,69.16,177.55,20260102,20250812,20260811
261220,72.07,59.3,20260102,20250812,20260811
271050,-51.86,-49.08,20260102,20250812,20260811
468370,-3.69,-0.5,20260102,20250812,20260811
468630,-5.4,-1.42,20260102,20250812,20260811
468380,-3.65,0.0,20260102,20250812,20260811
275290,67.28,140.77,20260102,20250812,20260811
117700,64.34,60.98,20260102,20250812,20260811
300950,-3.6,-14.35,20260102,20250812,20260811
266390,43.7,50.28,20260102,20250812,20260811
279530,25.43,34.26,20260102,20250812,20260811
132030,-3.0,24.49,20260102,20250812,20260811
280940,-1.3,-24.17,20260102,20250812,20260811
138910,11.4,40.14,20260102,20250812,20260811
471230,-4.58,-9.36,20260102,20250812,20260811
439870,-21.64,-29.74,20260102,20250812,20260811
114260,-0.05,-1.92,20260102,20250812,20260811
152380,-4.09,-8.59,20260102,20250812,20260811
176950,6.59,11.32,20260102,20250812,20260811
292770,2.35,3.78,20260102,20250812,20260811
276990,16.36,35.99,20260102,20250812,20260811
476070,2.3,35.93,20260102,20250812,20260811
0064K0,-2.41,31.77,20260102,20250812,20260811
0089D0,24.42,32.4,20260102,20250812,20260811
498410,1.45,-5.47,20260102,20250812,20260811
102960,2.51,20.18,20260102,20250812,20260811
404260,41.31,79.03,20260102,20250812,20260811
273140,-0.04,-0.09,20260102,20250812,20260811
153130,-0.1,-0.41,20260102,20250812,20260811
214980,-0.14,-0.38,20260102,20250812,20260811
487950,30.8,34.52,20260102,20250812,20260811
122630,82.8,270.99,20260102,20250812,20260811
445290,15.46,87.31,20260102,20250812,20260811
488770,1.96,1.62,20260102,20250812,20260811
321410,1.72,4.15,20260102,20250812,20260811
337120,51.47,108.34,20260102,20250812,20260811
401470,18.02,20.76,20260102,20250812,20260811
244620,30.18,35.11,20260102,20250812,20260811
275280,55.76,108.83,20260102,20250812,20260811
308620,-3.71,-0.21,20260102,20250812,20260811
0091C0,-4.39,,20260102,20250812,20260811
484790,-6.92,-8.17,20260102,20250812,20260811
304660,-4.75,-4.5,20260102,20250812,20260811
304670,5.74,4.58,20260102,20250812,20260811
481060,-10.41,-13.93,20260102,20250812,20260811
0041D0,-10.7,-1.91,20260102,20250812,20260811
487230,23.4,21.32,20260102,20250812,20260811
485540,6.0,22.08,20260102,20250812,20260811
483280,-3.15,4.55,20260102,20250812,20260811
428560,-6.88,-9.15,20260102,20250812,20260811
379800,9.44,22.35,20260102,20250812,20260811
449180,10.99,18.76,20260102,20250812,20260811
453660,-2.54,8.76,20260102,20250812,20260811
453650,2.33,12.83,20260102,20250812,20260811
0005A0,0.87,6.48,20260102,20250812,20260811
276970,1.89,0.26,20260102,20250812,20260811
0026E0,8.18,17.41,20260102,20250812,20260811
0068M0,4.4,14.64,20260102,20250812,20260811
0089C0,6.9,18.05,20260102,20250812,20260811
200030,15.57,23.69,20260102,20250812,20260811
219480,11.35,17.78,20260102,20250812,20260811
0041E0,19.64,37.16,20260102,20250812,20260811
218420,30.65,45.44,20260102,20250812,20260811
463640,-1.73,2.42,20260102,20250812,20260811
463690,-6.1,7.9,20260102,20250812,20260811
463680,25.98,44.24,20260102,20250812,20260811
453630,6.06,4.19,20260102,20250812,20260811
453640,5.22,30.72,20260102,20250812,20260811
185680,24.68,87.67,20260102,20250812,20260811
0028X0,-2.76,3.45,20260102,20250812,20260811
379810,13.78,27.45,20260102,20250812,20260811
449190,14.6,22.66,20260102,20250812,20260811
494300,-5.74,-1.82,20260102,20250812,20260811
409820,27.93,44.0,20260102,20250812,20260811
304940,14.71,21.45,20260102,20250812,20260811
409810,-13.76,-19.4,20260102,20250812,20260811
411420,41.28,52.16,20260102,20250812,20260811
455030,-1.86,1.76,20260102,20250812,20260811
261240,-0.07,4.28,20260102,20250812,20260811
261250,-2.31,6.46,20260102,20250812,20260811
261270,1.67,-2.59,20260102,20250812,20260811
261260,1.2,-7.89,20260102,20250812,20260811
0144M0,-10.5,,20260102,20250812,20260811
280930,18.47,30.3,20260102,20250812,20260811
0048J0,-1.94,1.62,20260102,20250812,20260811
390390,53.42,99.13,20260102,20250812,20260811
489250,20.82,29.67,20260102,20250812,20260811
483290,12.34,16.06,20260102,20250812,20260811
441640,3.93,11.03,20260102,20250812,20260811
352560,7.23,5.75,20260102,20250812,20260811
314250,15.07,18.67,20260102,20250812,20260811
473460,-0.57,11.14,20260102,20250812,20260811
0144L0,1.32,,20260102,20250812,20260811
390400,11.27,23.99,20260102,20250812,20260811
0132H0,-9.26,,20260102,20250812,20260811
437080,-4.05,-4.49,20260102,20250812,20260811
419420,13.66,51.28,20260102,20250812,20260811
491090,11.1,29.9,20260102,20250812,20260811
0038A0,-0.82,17.2,20260102,20250812,20260811
244580,-25.03,-0.05,20260102,20250812,20260811
091160,74.34,204.39,20260102,20250812,20260811
494310,88.88,438.69,20260102,20250812,20260811
0080G0,6.62,13.95,20260102,20250812,20260811
0100K0,-16.85,,20260102,20250812,20260811
325020,45.75,73.64,20260102,20250812,20260811
244670,13.77,20.58,20260102,20250812,20260811
140700,52.64,70.73,20260102,20250812,20260811
102780,72.55,144.55,20260102,20250812,20260811
213610,61.28,119.91,20260102,20250812,20260811
448330,23.85,47.38,20260102,20250812,20260811
325010,56.52,125.48,20260102,20250812,20260811
385510,31.1,48.02,20260102,20250812,20260811
446690,95.13,207.14,20260102,20250812,20260811
437070,-4.38,-0.43,20260102,20250812,20260811
117460,12.84,23.86,20260102,20250812,20260811
275300,66.3,165.54,20260102,20250812,20260811
140710,9.74,6.11,20260102,20250812,20260811
0098F0,38.97,,20260102,20250812,20260811
395150,-37.01,-43.65,20260102,20250812,20260811
456250,-14.63,4.18,20260102,20250812,20260811
400570,-6.2,9.79,20260102,20250812,20260811
144600,-15.9,59.35,20260102,20250812,20260811
091170,26.34,34.43,20260102,20250812,20260811
453810,-14.9,-8.2,20260102,20250812,20260811
453820,-28.48,-21.64,20260102,20250812,20260811
0000H0,-4.81,4.11,20260102,20250812,20260811
477730,-11.35,-6.93,20260102,20250812,20260811
114800,-52.29,-67.64,20260102,20250812,20260811
101280,14.94,28.28,20260102,20250812,20260811
352540,-11.46,-6.89,20260102,20250812,20260811
091180,17.01,49.87,20260102,20250812,20260811
385520,36.51,88.41,20260102,20250812,20260811
363570,-10.9,-16.82,20260102,20250812,20260811
0115D0,-7.18,,20260102,20250812,20260811
273130,-4.5,-8.08,20260102,20250812,20260811
102970,22.43,46.88,20260102,20250812,20260811
419430,-6.95,36.62,20260102,20250812,20260811
169950,0.19,16.73,20260102,20250812,20260811
428510,50.6,91.63,20260102,20250812,20260811
283580,-1.22,22.14,20260102,20250812,20260811
099140,-9.4,-2.32,20260102,20250812,20260811
204450,-18.42,-15.66,20260102,20250812,20260811
415340,30.92,75.26,20260102,20250812,20260811
256750,11.96,59.9,20260102,20250812,20260811
0065G0,-16.04,-4.8,20260102,20250812,20260811
372330,-18.14,-9.67,20260102,20250812,20260811
0048K0,-20.3,-1.31,20260102,20250812,20260811
117680,-0.97,7.14,20260102,20250812,20260811
279540,33.94,65.83,20260102,20250812,20260811
445150,0.81,7.91,20260102,20250812,20260811
211900,30.71,47.07,20260102,20250812,20260811
237370,8.18,10.56,20260102,20250812,20260811
495850,65.65,141.23,20260102,20250812,20260811
0115E0,30.39,,20260102,20250812,20260811
373490,33.08,78.58,20260102,20250812,20260811
229200,-6.57,9.89,20260102,20250812,20260811
233740,-35.42,-13.65,20260102,20250812,20260811
360150,-45.85,-56.51,20260102,20250812,20260811
251340,-19.41,-32.6,20260102,20250812,20260811
461450,7.67,20.89,20260102,20250812,20260811
226490,46.21,98.88,20260102,20250812,20260811
237350,60.59,137.7,20260102,20250812,20260811
359210,49.42,102.85,20260102,20250812,20260811
337140,52.47,114.73,20260102,20250812,20260811
138920,7.88,9.95,20260102,20250812,20260811
244660,5.06,6.21,20260102,20250812,20260811
375770,54.51,117.59,20260102,20250812,20260811
459560,12.9,40.08,20260102,20250812,20260811
475080,-13.51,-10.45,20260102,20250812,20260811
266410,19.94,15.74,20260102,20250812,20260811
298770,81.42,158.26,20260102,20250812,20260811
476800,-11.43,-8.34,20260102,20250812,20260811
450190,67.74,175.87,20260102,20250812,20260811
450180,1.69,28.67,20260102,20250812,20260811
266420,-14.04,4.13,20260102,20250812,20260811
364690,55.44,117.29,20260102,20250812,20260811
487130,59.55,135.5,20260102,20250812,20260811
0074K0,28.67,55.34,20260102,20250812,20260811
471040,41.51,74.01,20260102,20250812,20260811
0132D0,-8.85,,20260102,20250812,20260811
0020H0,17.71,59.99,20260102,20250812,20260811
475070,25.33,61.83,20260102,20250812,20260811
0015B0,37.46,59.13,20260102,20250812,20260811
0104H0,14.68,,20260102,20250812,20260811
0113G0,10.86,,20260102,20250812,20260811
497780,13.58,18.33,20260102,20250812,20260811
490330,29.35,89.13,20260102,20250812,20260811
462900,-30.48,-2.35,20260102,20250812,20260811
482030,2.29,23.78,20260102,20250812,20260811
476850,42.75,79.51,20260102,20250812,20260811
0051A0,53.15,98.11,20260102,20250812,20260811
495230,55.31,128.15,20260102,20250812,20260811
0093D0,44.46,,20260102,20250812,20260811
488290,48.49,81.91,20260102,20250812,20260811
438740,8.81,19.71,20260102,20250812,20260811
403790,49.28,100.84,20260102,20250812,20260811
152100,57.92,128.58,20260102,20250812,20260811
491220,58.88,131.56,20260102,20250812,20260811
253150,84.74,270.39,20260102,20250812,20260811
253160,-84.35,-92.82,20260102,20250812,20260811
395750,47.86,95.62,20260102,20250812,20260811
395760,43.06,90.09,20260102,20250812,20260811
453010,1.5,1.43,20260102,20250812,20260811
429740,-11.46,-6.71,20260102,20250812,20260811
449450,3.96,12.66,20260102,20250812,20260811
0104G0,-22.96,,20260102,20250812,20260811
0090B0,-24.35,,20260102,20250812,20260811
269530,4.89,11.34,20260102,20250812,20260811
433880,8.65,20.42,20260102,20250812,20260811
251590,9.57,12.07,20260102,20250812,20260811
161510,18.16,27.98,20260102,20250812,20260811
0018C0,-6.66,-10.57,20260102,20250812,20260811
489030,-22.38,-36.06,20260102,20250812,20260811
251600,7.65,10.46,20260102,20250812,20260811
461460,-4.6,-9.15,20260102,20250812,20260811
451600,-21.03,-29.42,20260102,20250812,20260811
491230,1.74,1.55,20260102,20250812,20260811
289670,-4.11,-8.3,20260102,20250812,20260811
298340,0.4,-1.47,20260102,20250812,20260811
489010,35.4,44.43,20260102,20250812,20260811
442580,109.74,336.17,20260102,20250812,20260811
189400,11.78,20.86,20260102,20250812,20260811
496770,8.61,23.77,20260102,20250812,20260811
419650,24.85,52.05,20260102,20250812,20260811
0007G0,-0.74,8.43,20260102,20250812,20260811
0035T0,12.31,67.72,20260102,20250812,20260811
415920,1.89,39.67,20260102,20250812,20260811
0138Y0,-0.95,,20260102,20250812,20260811
278620,1.33,0.68,20260102,20250812,20260811
477050,1.96,1.67,20260102,20250812,20260811
0050E0,-14.42,-7.82,20260102,20250812,20260811
429760,10.46,23.79,20260102,20250812,20260811
269540,11.31,20.21,20260102,20250812,20260811
0057H0,4.62,12.84,20260102,20250812,20260811
494410,11.4,25.3,20260102,20250812,20260811
0089B0,6.57,,20260102,20250812,20260811
287180,33.31,51.33,20260102,20250812,20260811
213630,13.2,18.93,20260102,20250812,20260811
332610,-2.31,1.63,20260102,20250812,20260811
456200,0.2,5.6,20260102,20250812,20260811
0078V0,-16.05,3.14,20260102,20250812,20260811
494420,1.3,5.22,20260102,20250812,20260811
0023B0,0.5,27.5,20260102,20250812,20260811
332620,-7.12,-3.36,20260102,20250812,20260811
464470,-7.18,-3.8,20260102,20250812,20260811
461900,3.34,15.5,20260102,20250812,20260811
461910,1.25,20.61,20260102,20250812,20260811
195970,11.19,20.97,20260102,20250812,20260811
238670,9.85,14.68,20260102,20250812,20260811
195980,18.42,32.73,20260102,20250812,20260811
256450,12.84,57.08,20260102,20250812,20260811
447660,3.17,9.52,20260102,20250812,20260811
239660,1.06,0.33,20260102,20250812,20260811
421320,2.71,32.16,20260102,20250812,20260811
464920,40.86,93.99,20260102,20250812,20260811
489000,-3.14,-6.27,20260102,20250812,20260811
0098N0,20.52,,20260102,20250812,20260811
451000,-4.45,-8.09,20260102,20250812,20260811
280920,32.17,71.37,20260102,20250812,20260811
266550,21.76,27.5,20260102,20250812,20260811
0047N0,-10.59,6.45,20260102,20250812,20260811
0128D0,-20.77,,20260102,20250812,20260811
495040,65.29,140.14,20260102,20250812,20260811
301400,-6.44,9.21,20260102,20250812,20260811
227830,47.0,100.27,20260102,20250812,20260811
122090,63.18,150.07,20260102,20250812,20260811
328370,47.97,101.53,20260102,20250812,20260811
457990,78.54,120.94,20260102,20250812,20260811
0132K0,-18.92,,20260102,20250812,20260811
0000J0,14.4,18.3,20260102,20250812,20260811
148020,58.14,128.97,20260102,20250812,20260811
361580,59.41,131.57,20260102,20250812,20260811
290080,-14.3,-21.04,20260102,20250812,20260811
284980,28.84,42.39,20260102,20250812,20260811
252400,85.65,274.37,20260102,20250812,20260811
252410,-51.82,-67.34,20260102,20250812,20260811
252420,-83.05,-92.45,20260102,20250812,20260811
475720,9.83,27.79,20260102,20250812,20260811
183700,23.6,39.95,20260102,20250812,20260811
0122W0,1.72,,20260102,20250812,20260811
465330,12.81,22.06,20260102,20250812,20260811
465350,-33.67,-43.77,20260102,20250812,20260811
422420,-2.28,1.26,20260102,20250812,20260811
105780,62.5,137.86,20260102,20250812,20260811
469070,-12.78,22.94,20260102,20250812,20260811
0093A0,65.9,,20260102,20250812,20260811
0101N0,50.77,,20260102,20250812,20260811
427120,-26.12,-33.13,20260102,20250812,20260811
477080,1.67,2.7,20260102,20250812,20260811
290130,71.72,171.55,20260102,20250812,20260811
326240,58.63,129.37,20260102,20250812,20260811
385560,-28.54,-37.97,20260102,20250812,20260811
479520,1.53,1.97,20260102,20250812,20260811
270800,16.32,23.37,20260102,20250812,20260811
292050,52.68,118.52,20260102,20250812,20260811
388280,-4.65,-2.64,20260102,20250812,20260811
442550,6.42,12.14,20260102,20250812,20260811
442560,11.16,20.33,20260102,20250812,20260811
442570,13.66,25.25,20260102,20250812,20260811
234310,30.82,69.87,20260102,20250812,20260811
241390,9.67,21.08,20260102,20250812,20260811
300640,-10.6,-19.97,20260102,20250812,20260811
266160,43.76,84.71,20260102,20250812,20260811
481430,-4.44,-9.16,20260102,20250812,20260811
114100,-1.42,-3.35,20260102,20250812,20260811
282000,2.23,3.44,20260102,20250812,20260811
451670,-41.51,-53.2,20260102,20250812,20260811
295000,-4.12,-8.25,20260102,20250812,20260811
295020,6.58,10.97,20260102,20250812,20260811
432600,0.23,-0.71,20260102,20250812,20260811
397420,-1.09,-3.21,20260102,20250812,20260811
0114X0,-3.92,,20260102,20250812,20260811
437370,8.3,12.18,20260102,20250812,20260811
375270,10.78,15.94,20260102,20250812,20260811
475380,3.42,5.0,20260102,20250812,20260811
476310,2.01,32.78,20260102,20250812,20260811
417450,44.78,97.43,20260102,20250812,20260811
442320,-1.35,13.31,20260102,20250812,20260811
461490,1.09,9.47,20260102,20250812,20260811
459750,11.0,23.67,20260102,20250812,20260811
399580,9.66,38.93,20260102,20250812,20260811
276650,19.61,31.35,20260102,20250812,20260811
336160,-1.95,-3.34,20260102,20250812,20260811
326230,7.15,13.15,20260102,20250812,20260811
367760,124.01,310.47,20260102,20250812,20260811
272560,1.38,0.83,20260102,20250812,20260811
385550,1.63,0.59,20260102,20250812,20260811
196230,1.37,0.88,20260102,20250812,20260811
0061Z0,1.71,1.43,20260102,20250812,20260811
315960,75.0,197.39,20260102,20250812,20260811
0138D0,11.11,,20260102,20250812,20260811
455890,1.92,1.52,20260102,20250812,20260811
401170,49.04,65.13,20260102,20250812,20260811
481340,-9.69,-7.45,20260102,20250812,20260811
472870,-11.05,-14.15,20260102,20250812,20260811
472830,-10.28,-8.3,20260102,20250812,20260811
485690,30.29,49.77,20260102,20250812,20260811
490590,12.77,19.97,20260102,20250812,20260811
0127R0,59.69,,20260102,20250812,20260811
495940,53.65,67.14,20260102,20250812,20260811
379780,10.73,23.62,20260102,20250812,20260811
453330,11.92,19.41,20260102,20250812,20260811
0138T0,1.53,,20260102,20250812,20260811
0005C0,6.35,8.64,20260102,20250812,20260811
460660,11.0,14.13,20260102,20250812,20260811
219390,36.56,41.06,20260102,20250812,20260811
0115C0,6.87,,20260102,20250812,20260811
354240,-4.31,-5.19,20260102,20250812,20260811
368590,14.42,28.08,20260102,20250812,20260811
437350,-0.95,2.84,20260102,20250812,20260811
455960,0.32,6.31,20260102,20250812,20260811
469530,1.44,-2.35,20260102,20250812,20260811
469060,70.85,124.22,20260102,20250812,20260811
469050,70.76,112.55,20260102,20250812,20260811
491630,-53.53,-66.84,20260102,20250812,20260811
490600,8.66,9.35,20260102,20250812,20260811
0018Z0,19.07,41.64,20260102,20250812,20260811
0013P0,9.71,33.15,20260102,20250812,20260811
267440,-5.89,-7.27,20260102,20250812,20260811
267490,-10.85,-11.8,20260102,20250812,20260811
267450,4.75,1.72,20260102,20250812,20260811
0036Z0,18.63,25.31,20260102,20250812,20260811
491620,1.7,7.37,20260102,20250812,20260811
0036R0,25.41,58.76,20260102,20250812,20260811
0000Z0,-32.52,-12.68,20260102,20250812,20260811
446700,-1.77,8.03,20260102,20250812,20260811
475350,5.46,22.02,20260102,20250812,20260811
388420,48.02,125.21,20260102,20250812,20260811
448630,23.93,44.39,20260102,20250812,20260811
367770,28.2,53.37,20260102,20250812,20260811
140570,39.68,69.44,20260102,20250812,20260811
0093B0,15.98,,20260102,20250812,20260811
140580,31.91,52.72,20260102,20250812,20260811
379790,12.94,19.01,20260102,20250812,20260811
498610,-17.68,-13.34,20260102,20250812,20260811
488480,14.72,21.01,20260102,20250812,20260811
385540,-4.25,-7.36,20260102,20250812,20260811
183710,45.36,87.03,20260102,20250812,20260811
310080,-11.8,-7.27,20260102,20250812,20260811
463300,2.83,22.07,20260102,20250812,20260811
174360,2.2,26.64,20260102,20250812,20260811
136340,-1.77,-3.16,20260102,20250812,20260811
281990,17.02,21.34,20260102,20250812,20260811
272570,-1.24,-3.68,20260102,20250812,20260811
250730,-6.37,-6.37,20260102,20250812,20260811
291680,3.45,-3.04,20260102,20250812,20260811
0094L0,-19.09,,20260102,20250812,20260811
371150,-18.12,-9.99,20260102,20250812,20260811
498860,11.93,24.11,20260102,20250812,20260811
495050,66.89,142.55,20260102,20250812,20260811
0094M0,34.44,,20260102,20250812,20260811
270810,-6.46,9.91,20260102,20250812,20260811
278240,-35.67,-14.06,20260102,20250812,20260811
275750,-17.42,-31.1,20260102,20250812,20260811
302450,46.67,98.7,20260102,20250812,20260811
0047P0,3.91,25.17,20260102,20250812,20260811
0013R0,-19.53,-12.21,20260102,20250812,20260811
449580,-1.66,5.85,20260102,20250812,20260811
334690,-22.69,9.81,20260102,20250812,20260811
334700,10.07,-31.96,20260102,20250812,20260811
0047R0,11.8,24.51,20260102,20250812,20260811
253280,-16.36,-1.68,20260102,20250812,20260811
253290,-6.78,-2.28,20260102,20250812,20260811
411540,38.39,82.79,20260102,20250812,20260811
295040,59.36,131.46,20260102,20250812,20260811
488980,1.74,-0.19,20260102,20250812,20260811
0092C0,0.99,,20260102,20250812,20260811
455860,-6.2,5.69,20260102,20250812,20260811
455850,26.16,82.34,20260102,20250812,20260811
497880,0.08,0.05,20260102,20250812,20260811
363510,1.41,0.92,20260102,20250812,20260811
292500,53.62,116.17,20260102,20250812,20260811
404650,42.72,79.28,20260102,20250812,20260811
490480,13.74,27.29,20260102,20250812,20260811
438570,-4.29,-10.51,20260102,20250812,20260811
474390,-21.88,-30.04,20260102,20250812,20260811
438560,0.02,-3.1,20260102,20250812,20260811
0066W0,-2.35,33.01,20260102,20250812,20260811
0022T0,-4.43,25.0,20260102,20250812,20260811
423170,71.0,155.77,20260102,20250812,20260811
400590,-6.37,15.09,20260102,20250812,20260811
484880,29.17,40.16,20260102,20250812,20260811
484890,1.57,1.24,20260102,20250812,20260811
461600,-4.72,-6.76,20260102,20250812,20260811
473330,-10.33,-8.47,20260102,20250812,20260811
494210,3.62,10.83,20260102,20250812,20260811
479620,74.01,114.5,20260102,20250812,20260811
481180,11.02,14.66,20260102,20250812,20260811
486450,8.07,16.61,20260102,20250812,20260811
433330,10.5,23.42,20260102,20250812,20260811
399110,10.12,26.58,20260102,20250812,20260811
0080X0,2.31,10.45,20260102,20250812,20260811
499150,5.33,9.14,20260102,20250812,20260811
447620,8.51,15.49,20260102,20250812,20260811
476030,14.27,28.11,20260102,20250812,20260811
0118S0,28.96,,20260102,20250812,20260811
446720,20.42,29.18,20260102,20250812,20260811
452360,21.86,24.81,20260102,20250812,20260811
493420,21.13,29.95,20260102,20250812,20260811
490490,7.07,13.99,20260102,20250812,20260811
0023A0,-0.17,52.39,20260102,20250812,20260811
0051G0,-11.44,-3.93,20260102,20250812,20260811
481190,4.26,19.52,20260102,20250812,20260811
475300,62.94,128.35,20260102,20250812,20260811
475310,29.19,106.56,20260102,20250812,20260811
400580,-6.52,9.01,20260102,20250812,20260811
464610,-18.31,-31.7,20260102,20250812,20260811
466930,69.82,130.23,20260102,20250812,20260811
464600,73.41,148.7,20260102,20250812,20260811
0005D0,15.01,22.96,20260102,20250812,20260811
466920,-8.45,0.41,20260102,20250812,20260811
0080Y0,-35.71,-28.38,20260102,20250812,20260811
0141S0,-8.55,,20260102,20250812,20260811
436140,-4.15,-8.34,20260102,20250812,20260811
0141T0,0.13,,20260102,20250812,20260811
0016X0,1.38,0.73,20260102,20250812,20260811
220130,13.75,34.04,20260102,20250812,20260811
0131A0,-12.92,,20260102,20250812,20260811
415760,29.17,73.02,20260102,20250812,20260811
413220,-10.13,20.35,20260102,20250812,20260811
469830,1.95,1.43,20260102,20250812,20260811
0105E0,22.04,,20260102,20250812,20260811
444200,35.38,89.95,20260102,20250812,20260811
495550,66.86,143.85,20260102,20250812,20260811
450910,-6.58,9.7,20260102,20250812,20260811
0040X0,-13.73,-17.22,20260102,20250812,20260811
0040Y0,-17.9,-23.71,20260102,20250812,20260811
0105D0,-6.1,,20260102,20250812,20260811
0092B0,40.87,,20260102,20250812,20260811
429980,17.0,39.27,20260102,20250812,20260811
0008T0,28.21,15.8,20260102,20250812,20260811
0139F0,1.67,,20260102,20250812,20260811
102110,58.49,129.5,20260102,20250812,20260811
139260,105.37,270.7,20260102,20250812,20260811
139220,63.2,73.66,20260102,20250812,20260811
139290,23.84,48.79,20260102,20250812,20260811
139270,29.69,42.86,20260102,20250812,20260811
227550,18.7,24.54,20260102,20250812,20260811
227560,8.49,11.22,20260102,20250812,20260811
139250,30.16,50.28,20260102,20250812,20260811
139230,-1.08,16.57,20260102,20250812,20260811
139240,-10.19,-4.05,20260102,20250812,20260811
227540,-10.59,7.51,20260102,20250812,20260811
243880,159.71,684.4,20260102,20250812,20260811
310960,59.01,130.43,20260102,20250812,20260811
252000,20.18,32.54,20260102,20250812,20260811
267770,84.9,271.97,20260102,20250812,20260811
252710,-83.28,-92.54,20260102,20250812,20260811
243890,33.36,66.8,20260102,20250812,20260811
315270,-7.01,-7.75,20260102,20250812,20260811
289480,19.15,32.13,20260102,20250812,20260811
166400,22.91,50.8,20260102,20250812,20260811
0104N0,50.2,,20260102,20250812,20260811
480260,0.99,0.15,20260102,20250812,20260811
0094K0,0.03,,20260102,20250812,20260811
364980,13.26,14.06,20260102,20250812,20260811
412570,-3.17,-8.5,20260102,20250812,20260811
462010,-6.68,8.08,20260102,20250812,20260811
305540,7.77,12.55,20260102,20250812,20260811
471760,3.19,42.37,20260102,20250812,20260811
365040,54.22,108.03,20260102,20250812,20260811
364960,-3.11,1.7,20260102,20250812,20260811
412560,-17.26,-12.47,20260102,20250812,20260811
475630,1.73,2.22,20260102,20250812,20260811
357870,1.7,2.64,20260102,20250812,20260811
499660,0.07,0.02,20260102,20250812,20260811
400970,-0.81,2.19,20260102,20250812,20260811
377990,38.8,73.12,20260102,20250812,20260811
417630,30.83,59.12,20260102,20250812,20260811
449170,1.53,1.93,20260102,20250812,20260811
292160,52.7,117.41,20260102,20250812,20260811
0072R0,-4.55,32.55,20260102,20250812,20260811
404540,41.65,79.11,20260102,20250812,20260811
228820,49.54,93.4,20260102,20250812,20260811
300610,-10.08,-18.59,20260102,20250812,20260811
463250,16.47,28.34,20260102,20250812,20260811
138530,42.8,64.57,20260102,20250812,20260811
445910,23.15,34.26,20260102,20250812,20260811
289260,60.95,137.14,20260102,20250812,20260811
289250,72.66,152.28,20260102,20250812,20260811
310970,63.24,144.66,20260102,20250812,20260811
269370,3.38,11.17,20260102,20250812,20260811
248270,4.99,28.37,20260102,20250812,20260811
0025N0,7.23,16.52,20260102,20250812,20260811
453950,51.55,98.4,20260102,20250812,20260811
364990,0.19,-9.31,20260102,20250812,20260811
139280,5.29,14.42,20260102,20250812,20260811
237440,2.46,4.37,20260102,20250812,20260811
319640,-3.28,23.52,20260102,20250812,20260811
160580,4.31,43.56,20260102,20250812,20260811
451530,-34.16,-43.78,20260102,20250812,20260811
114820,-0.05,-1.63,20260102,20250812,20260811
275980,14.61,30.28,20260102,20250812,20260811
464310,-1.07,13.14,20260102,20250812,20260811
418670,36.7,35.64,20260102,20250812,20260811
466950,37.35,52.07,20260102,20250812,20260811
491010,36.69,52.6,20260102,20250812,20260811
412770,-4.03,-2.94,20260102,20250812,20260811
394670,13.1,65.03,20260102,20250812,20260811
440340,4.3,10.39,20260102,20250812,20260811
476690,5.06,36.75,20260102,20250812,20260811
480310,51.47,73.45,20260102,20250812,20260811
387270,20.64,35.82,20260102,20250812,20260811
276000,18.06,35.04,20260102,20250812,20260811
394660,15.66,43.27,20260102,20250812,20260811
371450,22.44,35.25,20260102,20250812,20260811
464930,11.95,37.53,20260102,20250812,20260811
139320,-4.67,26.94,20260102,20250812,20260811
137610,6.67,3.78,20260102,20250812,20260811
182490,0.98,1.93,20260102,20250812,20260811
272580,1.6,1.71,20260102,20250812,20260811
157450,1.41,1.21,20260102,20250812,20260811
105010,10.8,35.46,20260102,20250812,20260811
123320,86.66,277.24,20260102,20250812,20260811
174350,18.65,29.13,20260102,20250812,20260811
329200,-7.69,-3.16,20260102,20250812,20260811
0086C0,-2.74,-1.44,20260102,20250812,20260811
0086B0,-6.44,-3.97,20260102,20250812,20260811
341850,-6.22,-3.26,20260102,20250812,20260811
0043B0,1.97,2.33,20260102,20250812,20260811
147970,52.08,80.07,20260102,20250812,20260811
458250,-9.44,-10.55,20260102,20250812,20260811
476550,-10.36,-14.58,20260102,20250812,20260811
0142D0,18.56,,20260102,20250812,20260811
491830,50.57,66.48,20260102,20250812,20260811
490090,9.95,28.2,20260102,20250812,20260811
493810,-0.33,8.32,20260102,20250812,20260811
0102A0,-17.15,,20260102,20250812,20260811
0123G0,-6.76,,20260102,20250812,20260811
182480,11.75,13.83,20260102,20250812,20260811
360750,10.25,23.59,20260102,20250812,20260811
448290,11.0,18.82,20260102,20250812,20260811
488500,11.54,22.86,20260102,20250812,20260811
225040,22.43,37.75,20260102,20250812,20260811
429000,9.17,15.1,20260102,20250812,20260811
143850,10.2,15.67,20260102,20250812,20260811
225030,-10.06,-17.68,20260102,20250812,20260811
482730,4.5,12.54,20260102,20250812,20260811
133690,14.1,27.95,20260102,20250812,20260811
448300,14.72,22.85,20260102,20250812,20260811
418660,24.04,51.06,20260102,20250812,20260811
435420,4.43,7.49,20260102,20250812,20260811
441680,0.32,9.34,20260102,20250812,20260811
486290,3.74,9.54,20260102,20250812,20260811
429010,23.2,43.5,20260102,20250812,20260811
203780,16.65,55.65,20260102,20250812,20260811
245340,9.61,24.38,20260102,20250812,20260811
456610,0.4,5.81,20260102,20250812,20260811
329750,-0.04,4.7,20260102,20250812,20260811
261110,-2.1,6.14,20260102,20250812,20260811
261120,1.91,-8.25,20260102,20250812,20260811
494840,11.05,27.75,20260102,20250812,20260811
458730,20.5,29.25,20260102,20250812,20260811
0008S0,13.68,17.32,20260102,20250812,20260811
458750,17.9,24.35,20260102,20250812,20260811
458760,14.62,18.94,20260102,20250812,20260811
0015K0,-10.93,-12.89,20260102,20250812,20260811
305080,-4.08,0.32,20260102,20250812,20260811
0046A0,-1.95,1.56,20260102,20250812,20260811
465670,17.96,39.46,20260102,20250812,20260811
381170,4.04,18.98,20260102,20250812,20260811
472160,4.42,13.8,20260102,20250812,20260811
472170,0.75,6.34,20260102,20250812,20260811
474220,-2.17,7.48,20260102,20250812,20260811
458260,-4.69,-5.15,20260102,20250812,20260811
497570,44.4,79.7,20260102,20250812,20260811
381180,64.15,115.6,20260102,20250812,20260811
423920,127.34,272.76,20260102,20250812,20260811
228810,-45.77,-53.84,20260102,20250812,20260811
364970,-11.76,4.9,20260102,20250812,20260811
091230,76.53,210.68,20260102,20250812,20260811
396500,46.92,165.44,20260102,20250812,20260811
488080,32.34,297.21,20260102,20250812,20260811
211560,31.25,47.75,20260102,20250812,20260811
472150,36.6,63.45,20260102,20250812,20260811
138520,80.44,152.86,20260102,20250812,20260811
157490,-7.46,-5.65,20260102,20250812,20260811
0000D0,-5.89,-4.54,20260102,20250812,20260811
228800,-23.18,-30.29,20260102,20250812,20260811
227570,30.3,37.79,20260102,20250812,20260811
438330,-0.18,-1.87,20260102,20250812,20260811
261140,29.45,67.64,20260102,20250812,20260811
130680,77.25,63.57,20260102,20250812,20260811
217770,-52.44,-50.47,20260102,20250812,20260811
195930,14.77,23.84,20260102,20250812,20260811
225050,23.92,40.28,20260102,20250812,20260811
245350,8.42,19.06,20260102,20250812,20260811
091220,26.34,35.27,20260102,20250812,20260811
466940,23.17,34.1,20260102,20250812,20260811
307510,-26.38,-20.27,20260102,20250812,20260811
225060,34.31,63.85,20260102,20250812,20260811
453870,-14.41,-7.46,20260102,20250812,20260811
236350,-29.44,-21.2,20260102,20250812,20260811
479730,-6.81,3.97,20260102,20250812,20260811
123310,-52.91,-67.88,20260102,20250812,20260811
365000,-17.61,-11.19,20260102,20250812,20260811
195920,21.02,36.61,20260102,20250812,20260811
241180,24.98,48.23,20260102,20250812,20260811
465660,50.61,102.03,20260102,20250812,20260811
292560,-3.46,-7.16,20260102,20250812,20260811
494670,-9.74,1.07,20260102,20250812,20260811
451540,-4.51,-7.8,20260102,20250812,20260811
150460,2.62,-2.62,20260102,20250812,20260811
302190,-2.16,-5.15,20260102,20250812,20260811
157500,22.28,47.82,20260102,20250812,20260811
307520,33.82,55.71,20260102,20250812,20260811
0067Y0,-9.02,8.42,20260102,20250812,20260811
192090,1.37,21.13,20260102,20250812,20260811
204480,-0.11,39.91,20260102,20250812,20260811
217780,-6.18,-25.85,20260102,20250812,20260811
245360,-9.31,-2.04,20260102,20250812,20260811
414780,29.54,75.64,20260102,20250812,20260811
0067V0,-9.6,4.64,20260102,20250812,20260811
371470,7.52,6.26,20260102,20250812,20260811
396520,45.87,105.13,20260102,20250812,20260811
371460,-13.72,15.24,20260102,20250812,20260811
456680,-26.31,23.75,20260102,20250812,20260811
396510,0.58,32.91,20260102,20250812,20260811
0047A0,7.4,30.25,20260102,20250812,20260811
117690,-8.24,-3.39,20260102,20250812,20260811
371160,-18.13,-9.59,20260102,20250812,20260811
438320,-35.73,-32.4,20260102,20250812,20260811
0053L0,-23.66,2.41,20260102,20250812,20260811
0117V0,43.85,,20260102,20250812,20260811
292150,58.33,165.25,20260102,20250812,20260811
0052D0,19.35,29.75,20260102,20250812,20260811
0104P0,12.82,,20260102,20250812,20260811
496080,66.5,142.37,20260102,20250812,20260811
0091P0,53.51,,20260102,20250812,20260811
471780,75.39,192.38,20260102,20250812,20260811
232080,-6.69,9.52,20260102,20250812,20260811
233160,-35.69,-15.24,20260102,20250812,20260811
261060,31.58,72.3,20260102,20250812,20260811
261070,-21.4,-9.02,20260102,20250812,20260811
250780,-19.03,-32.17,20260102,20250812,20260811
461580,6.94,20.54,20260102,20250812,20260811
277630,48.05,100.24,20260102,20250812,20260811
210780,13.76,23.14,20260102,20250812,20260811
277640,52.62,114.66,20260102,20250812,20260811
277650,9.57,18.02,20260102,20250812,20260811
376410,53.44,115.48,20260102,20250812,20260811
447770,-11.8,-2.02,20260102,20250812,20260811
0060H0,10.56,24.24,20260102,20250812,20260811
387280,17.31,52.23,20260102,20250812,20260811
449690,67.96,175.27,20260102,20250812,20260811
449680,1.91,30.46,20260102,20250812,20260811
143860,-14.41,3.39,20260102,20250812,20260811
138540,22.97,49.28,20260102,20250812,20260811
228790,24.6,8.49,20260102,20250812,20260811
441800,34.85,70.29,20260102,20250812,20260811
463050,-25.51,6.09,20260102,20250812,20260811
404120,37.6,65.32,20260102,20250812,20260811
385710,4.62,24.64,20260102,20250812,20260811
410870,-12.69,-24.69,20260102,20250812,20260811
456600,67.56,82.15,20260102,20250812,20260811
485810,0.77,38.53,20260102,20250812,20260811
494180,3.94,15.71,20260102,20250812,20260811
478150,7.67,18.73,20260102,20250812,20260811
0113D0,23.39,,20260102,20250812,20260811
426020,20.07,35.95,20260102,20250812,20260811
426030,35.26,43.74,20260102,20250812,20260811
0019K0,16.97,20.66,20260102,20250812,20260811
0036D0,25.47,29.19,20260102,20250812,20260811
0043Y0,44.04,91.01,20260102,20250812,20260811
495060,62.93,122.04,20260102,20250812,20260811
385720,50.8,99.02,20260102,20250812,20260811
108590,57.64,127.58,20260102,20250812,20260811
145850,71.67,136.53,20260102,20250812,20260811
472720,37.37,61.8,20260102,20250812,20260811
496130,47.13,89.67,20260102,20250812,20260811
433250,24.99,60.94,20260102,20250812,20260811
494220,90.05,261.44,20260102,20250812,20260811
470310,58.71,119.5,20260102,20250812,20260811
476000,-49.59,-33.77,20260102,20250812,20260811
448100,58.19,127.99,20260102,20250812,20260811
413930,55.07,120.59,20260102,20250812,20260811
0088N0,-3.7,11.04,20260102,20250812,20260811
458030,1.67,1.54,20260102,20250812,20260811
426150,-8.34,-13.45,20260102,20250812,20260811
444490,10.98,24.63,20260102,20250812,20260811
489290,0.61,13.02,20260102,20250812,20260811
440910,15.86,35.73,20260102,20250812,20260811
474590,97.6,254.26,20260102,20250812,20260811
496020,2.07,1.72,20260102,20250812,20260811
488720,-4.1,-7.4,20260102,20250812,20260811
480460,-6.59,-3.01,20260102,20250812,20260811
0053M0,25.63,39.54,20260102,20250812,20260811
0112X0,59.85,,20260102,20250812,20260811
465780,1.6,-0.51,20260102,20250812,20260811
442260,57.77,126.65,20260102,20250812,20260811
0001P0,-15.2,4.59,20260102,20250812,20260811
159800,60.08,135.09,20260102,20250812,20260811
0007N0,57.08,127.94,20260102,20250812,20260811
462340,2.25,7.73,20260102,20250812,20260811
433220,20.94,43.73,20260102,20250812,20260811
451150,-5.18,-6.37,20260102,20250812,20260811
477490,2.8,19.54,20260102,20250812,20260811
407830,-13.23,-6.11,20260102,20250812,20260811
0002C0,-4.91,-3.76,20260102,20250812,20260811
474920,10.86,18.93,20260102,20250812,20260811
442090,46.41,91.55,20260102,20250812,20260811
407820,-21.84,-19.63,20260102,20250812,20260811
152870,57.88,128.64,20260102,20250812,20260811
491510,23.19,39.85,20260102,20250812,20260811
192720,24.96,38.55,20260102,20250812,20260811
498180,-4.42,-9.77,20260102,20250812,20260811
140950,61.19,137.69,20260102,20250812,20260811
