티커,종목명,운용사,총보수,순자산,자산분류,지역,기초지수명,연간분배율,ISIN,출처
MCHI,iShares MSCI China ETF,iShares,0.59,6304619436.83,Equity,China Asia Pacific,,2.138182466693914,US46429B6719,iShares
IBCB,iShares® iBonds® Dec 2036 Term Corporate ETF,iShares,0.1,97546374.66,Fixed Income,United States North America,,,US46438G1664,iShares
ECH,iShares MSCI Chile ETF,iShares,0.59,1053560091.64,Equity,Chile Latin America,,1.972669512807634,US4642866408,iShares
EFA,iShares MSCI EAFE ETF,iShares,0.32,79324076534.99,Equity,Broad Global,,3.195244545873905,US4642874659,iShares
EFG,iShares MSCI EAFE Growth ETF,iShares,0.34,17051535201.69,Equity,Broad Global,,2.218605131125283,US4642888857,iShares
EDEN,iShares MSCI Denmark ETF,iShares,0.53,201239751.37,Equity,Denmark Europe,,3.114452588269176,US46429B5232,iShares
ECNS,iShares MSCI China Small-Cap ETF,iShares,0.59,66182304.11,Equity,China Asia Pacific,,6.690761099365751,US46429B2007,iShares
SCZ,iShares MSCI EAFE Small-Cap ETF,iShares,0.4,13512456736.6,Equity,Broad Global,,3.217829220693449,US4642882736,iShares
EFAV,iShares MSCI EAFE Min Vol Factor ETF,iShares,0.2,5414701370.09,Equity,Broad Global,,3.261263410180324,US46429B6891,iShares
EEMA,iShares MSCI Emerging Markets Asia ETF,iShares,0.49,858600441.84,Equity,Broad Asia Pacific,,1.309625257854314,US4642864262,iShares
EFV,iShares MSCI EAFE Value ETF,iShares,0.31,29620022760.99,Equity,Broad Global,,4.704807239430933,US4642888774,iShares
IBMU,iShares® iBonds® Dec 2032 Term Muni Bond ETF,iShares,0.1,15036012.18,Fixed Income,United States North America,,,US46438G2167,iShares
IBMW,iShares® iBonds® Dec 2034 Term Muni Bond ETF,iShares,0.1,3720614.51,Fixed Income,United States North America,,,US46438G1821,iShares
BLCV,iShares Large Cap Value Active ETF,iShares,0.45,349171773.66,Equity,United States North America,,1.2596,US09290C6167,iShares
EEM,iShares MSCI Emerging Markets ETF,iShares,0.72,30059663323.45,Equity,Broad Global,,1.623403112917159,US4642872349,iShares
EEMS,iShares MSCI Emerging Markets Small-Cap ETF,iShares,0.72,368878725.62,Equity,Broad Global,,2.81383502170767,US4642864759,iShares
EEMV,iShares MSCI Emerging Markets Min Vol Factor ETF,iShares,0.25,3530749283.35,Equity,Broad Global,,2.152834771068348,US4642865335,iShares
IBMX,iShares® iBonds® Dec 2035 Term Muni Bond ETF,iShares,0.1,4910117.6,Fixed Income,United States North America,,,US46438G1748,iShares
EFNL,iShares MSCI Finland ETF,iShares,0.53,246746152.4,Equity,Finland Europe,,1.015685869769188,US46429B5158,iShares
EUFN,iShares MSCI Europe Financials ETF,iShares,0.49,4260610521.14,Equity,Broad Europe,,4.216306810547538,US4642891802,iShares
BTMGX,iShares MSCI EAFE International Index Fund,iShares,0.03,3288222954.84,Equity,Broad Global,,,US09253F8611,iShares
EZU,iShares MSCI Eurozone ETF,iShares,0.5,9821387973.09,Equity,Broad Europe,,2.632217735640266,US4642866085,iShares
EWG,iShares MSCI Germany ETF,iShares,0.49,1648791265.52,Equity,Germany Europe,,2.003274402251273,US4642868065,iShares
EWQ,iShares MSCI France ETF,iShares,0.5,331818505.42,Equity,France Europe,,2.896756221096675,US4642867075,iShares
PICK,iShares MSCI Global Metals & Mining Producers ETF,iShares,0.39,2310259168.67,Equity,Broad Global,,2.25755562230785,US46434G8481,iShares
RING,iShares MSCI Global Gold Miners ETF,iShares,0.39,2259542869.28,Equity,Broad Global,,1.396363355476595,US46434G8556,iShares
ICPI,iShares 0-1 Year TIPS Bond ETF,iShares,0.09,16969828.87,Fixed Income,United States North America,,,US46438G2571,iShares
POWR,iShares U.S. Power Infrastructure ETF,iShares,0.39,456856072.58,Equity,United States North America,,1.522389853650204,US4642863439,iShares
VEGI,iShares MSCI Agriculture Producers ETF,iShares,0.39,146745785.78,Equity,Broad Global,,1.938921546461678,US4642863504,iShares
MAXJ,iShares Large Cap Max Buffer Jun ETF,iShares,0.5,162312355.12,Equity,United States North America,,0.74,US46438G6127,iShares
INDA,iShares MSCI India ETF,iShares,0.61,6615522685.5,Equity,India Asia Pacific,,0.0,US46429B5984,iShares
EAOA,iShares ESG Aware 80/20 Aggressive Allocation ETF,iShares,0.18,37811312.62,Multi Asset,United States North America,,1.950043,US46436E6683,iShares
EWH,iShares MSCI Hong Kong ETF,iShares,0.5,1226925188.5,Equity,Hong Kong Asia Pacific,,4.950529836860201,US4642868719,iShares
SLVP,iShares MSCI Global Silver and Metals Miners ETF,iShares,0.39,889092270.16,Equity,Broad Global,,2.27092093286359,US4642863272,iShares
EIS,iShares MSCI Israel ETF,iShares,0.59,880834188.93,Equity,Israel Europe,,1.53887421658876,US4642866325,iShares
IDYN,iShares International Equity Factor Rotation Active ETF,iShares,0.45,109529044.52,Equity,Broad Global,,,US09290C6811,iShares
EAOR,iShares ESG Aware 60/40 Balanced Allocation ETF,iShares,0.18,33274573.77,Multi Asset,United States North America,,2.331916,US46436E6766,iShares
EIRL,iShares MSCI Ireland ETF,iShares,0.5,77122564.66,Equity,Broad Europe,,2.408530575769182,US46429B5075,iShares
IDEV,iShares Core MSCI International Developed Markets ETF,iShares,0.04,32249310519.02,Equity,Broad Global,,3.19597274736382,US46435G3267,iShares
EIDO,iShares MSCI Indonesia ETF,iShares,0.59,491764509.66,Equity,Indonesia Asia Pacific,,3.630424084473419,US46429B3096,iShares
EAOM,iShares ESG Aware 40/60 Moderate Allocation ETF,iShares,0.18,9410620.93,Multi Asset,United States North America,,2.777104,US46436E6840,iShares
SMIN,iShares MSCI India Small-Cap ETF,iShares,0.74,773337411.01,Equity,India Asia Pacific,,0.0,US46429B6149,iShares
BIRDX,iShares Developed Real Estate Index Fund,iShares,0.31,38491383.2,Real Estate,Broad Global,,,US0919361958,iShares
DSI,iShares ESG MSCI KLD 400 ETF,iShares,0.25,5510530871.31,Equity,United States North America,,0.865892779091217,US4642885705,iShares
BKRDX,iShares Developed Real Estate Index Fund,iShares,0.26,273133132.06,Real Estate,Broad Global,,,US0919361875,iShares
SLQD,iShares 0-5 Year Investment Grade Corporate Bond ETF,iShares,0.06,2377454595.15,Fixed Income,United States North America,,4.3686,US46434V1008,iShares
SCJ,iShares MSCI Japan Small-Cap ETF,iShares,0.5,259233856.27,Equity,Japan Asia Pacific,,2.746234120636116,US4642865822,iShares
BSMAX,iShares Russell Small/Mid-Cap Index Fund,iShares,0.37,134698815.1,Equity,United States North America,,,US0919362451,iShares
EWJ,iShares MSCI Japan ETF,iShares,0.49,22369314363.85,Equity,Japan Asia Pacific,,3.750256936604021,US46434G8226,iShares
BSMIX,iShares Russell Small/Mid-Cap Index Fund,iShares,0.12,188821116.48,Equity,United States North America,,,US0919362378,iShares
EWI,iShares MSCI Italy ETF,iShares,0.5,1080198981.19,Equity,Italy Europe,,3.164099190283401,US46434G8309,iShares
EWN,iShares MSCI Netherlands ETF,iShares,0.5,708283003.72,Equity,Netherlands Europe,,3.895901521880427,US4642868149,iShares
EAOK,iShares ESG Aware 30/70 Conservative Allocation ETF,iShares,0.18,8470624.97,Multi Asset,United States North America,,3.161172,US46436E6923,iShares
EWW,iShares MSCI Mexico ETF,iShares,0.5,1948038435.98,Equity,Mexico Latin America,,3.273913149559461,US4642868222,iShares
EWM,iShares MSCI Malaysia ETF,iShares,0.5,334688091.68,Equity,Malaysia Asia Pacific,,3.690847520355293,US46434G8143,iShares
BARDX,iShares Developed Real Estate Index Fund,iShares,0.51,3263652.63,Real Estate,Broad Global,,,US0919362113,iShares
SHYG,iShares 0-5 Year High Yield Corporate Bond ETF,iShares,0.3,7579807433.64,Fixed Income,United States North America,,7.0249,US46434V4077,iShares
TOK,iShares MSCI Kokusai ETF,iShares,0.25,256638769.98,Equity,Broad Global,,1.309707205609213,US4642882652,iShares
EPHE,iShares MSCI Philippines ETF,iShares,0.59,146568972.33,Equity,Philippines Asia Pacific,,2.776961145194274,US46429B4086,iShares
EPP,iShares MSCI Pacific ex Japan ETF,iShares,0.47,2261738053.35,Equity,Broad Asia Pacific,,3.508821841977395,US4642866655,iShares
ENOR,iShares MSCI Norway ETF,iShares,0.53,96292986.87,Equity,Norway Europe,,5.837831746031745,US46429B4995,iShares
EWJV,iShares MSCI Japan Value ETF,iShares,0.15,737728027.4,Equity,Japan Asia Pacific,,5.011397089913934,US46435U3749,iShares
ENZL,iShares MSCI New Zealand ETF,iShares,0.5,83900122.33,Equity,New Zealand Asia Pacific,,2.2601228226887,US4642891232,iShares
EVUS,iShares ESG Aware MSCI USA Value ETF,iShares,0.18,374660330.36,Equity,United States North America,,1.520897110930371,US46436E2211,iShares
BSMKX,iShares Russell Small/Mid-Cap Index Fund,iShares,0.07,1055074361.48,Equity,United States North America,,,US0919362295,iShares
EGUS,iShares ESG Aware MSCI USA Growth ETF,iShares,0.18,28401728.23,Equity,United States North America,,0.20791233550161,US46436E2393,iShares
BASMX,iShares Total U.S. Stock Market Index Fund,iShares,0.33,339067303.38,Equity,United States North America,,,US0919361792,iShares
EWS,iShares MSCI Singapore ETF,iShares,0.5,1085268029.53,Equity,Singapore Asia Pacific,,3.95701151086699,US46434G7806,iShares
BITSX,iShares Total U.S. Stock Market Index Fund,iShares,0.06,254084731.46,Equity,United States North America,,,US0919361610,iShares
IBMR,iShares® iBonds® Dec 2029 Term Muni Bond ETF,iShares,0.1,469199932.93,Fixed Income,United States North America,,2.538867,US46436E1635,iShares
BKTSX,iShares Total U.S. Stock Market Index Fund,iShares,0.02,4310733870.86,Equity,United States North America,,,US0919361537,iShares
EPOL,iShares MSCI Poland ETF,iShares,0.59,804663787.71,Equity,Poland Europe,,3.812959315884944,US46429B6065,iShares
MADE,iShares U.S. Manufacturing ETF,iShares,0.4,64712061.95,Equity,United States North America,,0.607360547667343,US46438G5962,iShares
EWP,iShares MSCI Spain ETF,iShares,0.5,2187753487.97,Equity,Spain Europe,,2.805198854061341,US4642867646,iShares
EWY,iShares MSCI South Korea ETF,iShares,0.59,26048939165.5,Equity,South Korea Asia Pacific,,1.007802404393212,US4642867729,iShares
EZA,iShares MSCI South Africa ETF,iShares,0.59,557233044.38,Equity,South Africa Middle East and Africa,,7.907340626173837,US4642867802,iShares
BLCR,iShares Large Cap Core Active ETF,iShares,0.36,6692421089.66,Equity,United States North America,,0.2811,US09290C8551,iShares
EWT,iShares MSCI Taiwan ETF,iShares,0.59,10924732894.08,Equity,Taiwan Asia Pacific,,0.918615015778367,US46434G7723,iShares
EWL,iShares MSCI Switzerland ETF,iShares,0.5,2215583912.2,Equity,Switzerland Europe,,1.735443620383236,US4642867497,iShares
EWD,iShares MSCI Sweden ETF,iShares,0.51,593917129.44,Equity,Sweden Europe,,3.578750567470178,US4642867562,iShares
EWUS,iShares MSCI United Kingdom Small-Cap ETF,iShares,0.59,42978937.77,Equity,United Kingdom Europe,,3.230304551259953,US46429B4169,iShares
EWU,iShares MSCI United Kingdom ETF,iShares,0.5,4140156763.4,Equity,United Kingdom Europe,,3.263669007241067,US46435G3341,iShares
TUR,iShares MSCI Turkey ETF,iShares,0.59,216333644.2,Equity,Turkey Europe,,2.161536478473833,US4642867158,iShares
THD,iShares MSCI Thailand ETF,iShares,0.59,366838543.14,Equity,Thailand Asia Pacific,,3.516456013363029,US4642866242,iShares
USMV,iShares MSCI USA Min Vol Factor ETF,iShares,0.15,24155161072.28,Equity,United States North America,,1.497389816447164,US46429B6974,iShares
IAGG,iShares Core International Aggregate Bond ETF,iShares,0.07,11400650004.6,Fixed Income,Broad Global,,4.5073,US46435G6724,iShares
EUSA,iShares MSCI USA Equal Weighted ETF,iShares,0.09,1905718431.2,Equity,United States North America,,1.453890056022409,US4642866812,iShares
SUSA,iShares ESG Optimized MSCI USA ETF,iShares,0.25,4160485450.85,Equity,United States North America,,0.838836938220438,US4642888022,iShares
IBB,iShares Biotechnology ETF,iShares,0.44,9400473589.03,Equity,United States North America,,0.216465,US4642875565,iShares
ISMF,iShares Managed Futures Active ETF,iShares,0.8,60297864.09,Multi Asset,Broad Global,,2.5011,US09290C7314,iShares
URTH,iShares MSCI World ETF,iShares,0.24,8299837584.98,Equity,Broad Global,,1.400162661045717,US4642863926,iShares
QAT,iShares MSCI Qatar ETF,iShares,0.6,64375301.69,Equity,Qatar Middle East and Africa,,4.707718839365322,US46434V7799,iShares
DYNF,iShares U.S. Equity Factor Rotation Active ETF,iShares,0.26,39925560311.88,Equity,United States North America,,0.7917,US09290C1036,iShares
UAE,iShares MSCI UAE ETF,iShares,0.59,322981743.0,Equity,United Arab Emirates Middle East and Africa,,4.476293375394322,US46434V7617,iShares
IWB,iShares Russell 1000 ETF,iShares,0.15,49902670141.97,Equity,United States North America,,0.920126906650397,US4642876225,iShares
PABU,iShares Paris-Aligned Climate Optimized MSCI USA ETF,iShares,0.1,2523721533.7,Equity,United States North America,,0.928673260763047,US46436E4118,iShares
IWF,iShares Russell 1000 Growth ETF,iShares,0.18,127009432514.19,Equity,United States North America,,1.128454728370222,US4642876142,iShares
SOXX,iShares Semiconductor ETF,iShares,0.33,45464673228.85,Equity,United States North America,,0.229092,US4642875235,iShares
IBTQ,iShares® iBonds® Dec 2035 Term Treasury ETF,iShares,0.07,235980605.74,Fixed Income,United States North America,,3.905818,US46438G4221,iShares
IVRS,iShares Future Metaverse Tech and Communications ETF,iShares,0.47,7955623.08,Equity,Broad Global,,0.397902612424606,US46436E2476,iShares
IGRO,iShares International Dividend Growth ETF,iShares,0.15,1307214436.45,Equity,Broad Global,,2.753338540607499,US46435G5247,iShares
IWM,iShares Russell 2000 ETF,iShares,0.19,81508256291.32,Equity,United States North America,,0.884451,US4642876555,iShares
IWO,iShares Russell 2000 Growth ETF,iShares,0.24,14827086493.41,Equity,United States North America,,0.416805,US4642876480,iShares
IWD,iShares Russell 1000 Value ETF,iShares,0.18,83482736049.76,Equity,United States North America,,1.444521276595744,US4642875987,iShares
EAGG,iShares ESG Aware U.S. Aggregate Bond ETF,iShares,0.1,4985554428.22,Fixed Income,United States North America,,4.0554,US46435U5496,iShares
IUSV,iShares Core S&P U.S. Value ETF,iShares,0.04,27678223922.51,Equity,United States North America,,1.69,US4642876639,iShares
IWV,iShares Russell 3000 ETF,iShares,0.2,20319932063.92,Equity,United States North America,,0.87,US4642876894,iShares
IBCA,iShares® iBonds® Dec 2035 Term Corporate ETF,iShares,0.1,378765096.1,Fixed Income,United States North America,,4.841405,US46438G3728,iShares
IUSG,iShares Core S&P U.S. Growth ETF,iShares,0.04,33621555556.44,Equity,United States North America,,0.49,US4642876712,iShares
IWN,iShares Russell 2000 Value ETF,iShares,0.24,14590397401.76,Equity,United States North America,,1.439917,US4642876308,iShares
IBHF,iShares® iBonds® 2026 Term High Yield and Income ETF,iShares,0.35,796516135.57,Fixed Income,United States North America,,6.0229,US46436E5289,iShares
IWS,iShares Russell Mid-Cap Value ETF,iShares,0.23,15843438012.13,Equity,United States North America,,1.32,US4642874733,iShares
IWR,iShares Russell Mid-Cap ETF,iShares,0.18,57131330745.08,Equity,United States North America,,1.148497,US4642874998,iShares
IBHL,iShares® iBonds® 2032 Term High Yield and Income ETF,iShares,0.35,27721195.0,Fixed Income,United States North America,,6.259377,US46438G3645,iShares
QUAL,iShares MSCI USA Quality Factor ETF,iShares,0.15,47858504423.01,Equity,United States North America,,0.857695729066663,US46432F3394,iShares
IWP,iShares Russell Mid-Cap Growth ETF,iShares,0.23,20380964788.84,Equity,United States North America,,0.337088,US4642874816,iShares
IWC,iShares Micro-Cap ETF,iShares,0.6,1483680151.64,Equity,United States North America,,0.944717,US4642888691,iShares
ISVL,iShares International Developed Small Cap Value Factor ETF,iShares,0.31,329912190.3,Equity,Broad Global,,3.177292431998958,US46436E5107,iShares
OEF,iShares S&P 100 ETF,iShares,0.2,20401881142.47,Equity,United States North America,,0.88,US4642871010,iShares
IBGB,iShares® iBonds® Dec 2045 Term Treasury ETF,iShares,0.07,9436871.82,Fixed Income,United States North America,,4.744594,US46438G4148,iShares
IWX,iShares Russell Top 200 Value ETF,iShares,0.2,4017446220.36,Equity,United States North America,,1.46,US4642894202,iShares
IWL,iShares Russell Top 200 ETF,iShares,0.15,2269002572.5,Equity,United States North America,,0.85,US4642894467,iShares
IWY,iShares Russell Top 200 Growth ETF,iShares,0.2,16523128965.82,Equity,United States North America,,0.34,US4642894384,iShares
IVV,iShares Core S&P 500 ETF,iShares,0.03,902196120236.56,Equity,United States North America,,1.090772,US4642872000,iShares
IVW,iShares S&P 500 Growth ETF,iShares,0.18,77170626088.2,Equity,United States North America,,0.36,US4642873099,iShares
HYBB,iShares BB Rated Corporate Bond ETF,iShares,0.25,426235992.6,Fixed Income,United States North America,,5.9204,US46435U4739,iShares
ITOT,iShares Core S&P Total U.S. Stock Market ETF,iShares,0.03,97325602102.47,Equity,United States North America,,1.001526,US4642871507,iShares
CMF,iShares California Muni Bond ETF,iShares,0.08,4600453357.8,Fixed Income,United States North America,,2.99211,US4642883569,iShares
AIA,iShares Asia 50 ETF,iShares,0.5,4888110801.42,Equity,Broad Asia Pacific,,0.871841408106449,US4642884302,iShares
AOA,iShares Core 80/20 Aggressive Allocation ETF,iShares,0.15,3264030103.88,Multi Asset,Broad Global,,2.05341518313894,US4642898591,iShares
IVE,iShares S&P 500 Value ETF,iShares,0.18,49735502135.58,Equity,United States North America,,1.56,US4642874089,iShares
EMIF,iShares Emerging Markets Infrastructure ETF,iShares,0.6,13243473.43,Equity,Broad Global,,4.214843515370947,US4642882165,iShares
AOK,iShares Core 30/70 Conservative Allocation ETF,iShares,0.15,792090489.76,Multi Asset,Broad Global,,3.271538090646094,US4642898831,iShares
RXI,iShares Global Consumer Discretionary ETF,iShares,0.37,275267041.8,Equity,Broad Global,,1.458163175709888,US4642887453,iShares
ICLN,iShares Global Clean Energy ETF,iShares,0.39,2105724230.45,Equity,Broad Global,,0.897117818889971,US4642882249,iShares
IOO,iShares Global 100 ETF,iShares,0.4,9306563802.92,Equity,Broad Global,,0.854211918784457,US4642875722,iShares
IEV,iShares Europe ETF,iShares,0.6,1689933850.07,Equity,Broad Europe,,2.775224371290407,US4642878619,iShares
IXG,iShares Global Financials ETF,iShares,0.38,700295223.97,Equity,Broad Global,,2.269267707167477,US4642873339,iShares
IXC,iShares Global Energy ETF,iShares,0.37,2765303176.63,Equity,Broad Global,,3.196992497347321,US4642873412,iShares
KXI,iShares Global Consumer Staples ETF,iShares,0.38,1067284724.51,Equity,Broad Global,,2.375327808198905,US4642887370,iShares
IDRV,iShares Self-Driving EV and Tech ETF,iShares,0.48,135507909.79,Equity,Broad Global,,1.679529261489546,US46435U3665,iShares
IBIL,iShares® iBonds® Oct 2035 Term TIPS ETF,iShares,0.1,38418051.88,Fixed Income,United States North America,,4.875665,US46438G3801,iShares
IGF,iShares Global Infrastructure ETF,iShares,0.37,10758451280.01,Equity,Broad Global,,2.897129616736072,US4642883726,iShares
IBMT,iShares® iBonds® Dec 2031 Term Muni Bond ETF,iShares,0.1,132664376.5,Fixed Income,United States North America,,2.344402,US46438G3561,iShares
EXI,iShares Global Industrials ETF,iShares,0.38,1474418785.23,Equity,Broad Global,,1.056136907134317,US4642887297,iShares
IXJ,iShares Global Healthcare ETF,iShares,0.38,4134797982.93,Equity,Broad Global,,1.467375894317208,US4642873255,iShares
IBDV,iShares® iBonds® Dec 2030 Term Corporate ETF,iShares,0.1,3290647565.2,Fixed Income,United States North America,,4.5905,US46436E7269,iShares
IXP,iShares Global Comm Services ETF,iShares,0.37,571135702.13,Equity,Broad Global,,3.395198674287577,US4642872752,iShares
ESGE,iShares ESG Aware MSCI EM ETF,iShares,0.25,6749035918.26,Equity,Broad Global,,2.069470290617007,US46434G8630,iShares
IXN,iShares Global Tech ETF,iShares,0.37,9050194455.97,Equity,Broad Global,,0.23607921819546,US4642872919,iShares
ESGD,iShares ESG Aware MSCI EAFE ETF,iShares,0.2,12149651631.8,Equity,Broad Global,,3.308508026980494,US46435G5163,iShares
IBGL,iShares® iBonds® Dec 2055 Term Treasury ETF,iShares,0.07,5768834.04,Fixed Income,United States North America,,4.843957,US46438G3983,iShares
EUSB,iShares ESG Advanced Universal USD Bond ETF,iShares,0.12,712389951.31,Fixed Income,United States North America,,4.0051,US46436E6196,iShares
MXI,iShares Global Materials ETF,iShares,0.37,356519838.92,Equity,Broad Global,,1.727029777610253,US4642886950,iShares
IBTH,iShares® iBonds® Dec 2027 Term Treasury ETF,iShares,0.07,2276321179.19,Fixed Income,United States North America,,3.793671,US46436E8416,iShares
JXI,iShares Global Utilities ETF,iShares,0.37,306561097.68,Equity,Broad Global,,2.408853172026162,US4642887115,iShares
IBTI,iShares® iBonds® Dec 2028 Term Treasury ETF,iShares,0.07,1928681739.68,Fixed Income,United States North America,,3.775246,US46436E8333,iShares
WOOD,iShares Global Timber & Forestry ETF,iShares,0.39,270885273.04,Equity,Broad Global,,2.534214535954403,US4642881746,iShares
BAI,iShares A.I. Innovation and Tech Active ETF,iShares,0.55,13628581909.42,Equity,Broad Global,,1.1263,US09290C7801,iShares
IBTG,iShares® iBonds® Dec 2026 Term Treasury ETF,iShares,0.07,2217091142.71,Fixed Income,United States North America,,3.900548,US46436E8580,iShares
INDY,iShares India 50 ETF,iShares,0.65,569371919.46,Equity,India Asia Pacific,,0.850145843693065,US4642895290,iShares
TEK,iShares Technology Opportunities Active ETF,iShares,0.75,41262308.04,Equity,Broad Global,,1.1159,US09290C7728,iShares
GSG,iShares S&P GSCI Commodity-Indexed Trust,iShares,0.75,886168218.13,Commodity,Broad Global,,,US46428R1077,iShares
AOR,iShares Core 60/40 Balanced Allocation ETF,iShares,0.15,3719344922.85,Multi Asset,Broad Global,,2.469873308378923,US4642898674,iShares
XT,iShares Future Exponential Technologies ETF,iShares,0.46,3927640733.95,Equity,Broad Global,,0.966808894716888,US46434V3814,iShares
IJH,iShares Core S&P Mid-Cap ETF,iShares,0.05,125599807359.84,Equity,United States North America,,1.15,US4642875078,iShares
IJK,iShares S&P Mid-Cap 400 Growth ETF,iShares,0.16,10980257215.7,Equity,United States North America,,0.518671,US4642876068,iShares
ILF,iShares Latin America 40 ETF,iShares,0.47,3870816133.94,Equity,Broad Latin America,,3.496421800947868,US4642873909,iShares
BGRN,iShares USD Green Bond ETF,iShares,0.2,501451920.0,Fixed Income,United States North America,,4.3431,US46435U4408,iShares
NYF,iShares New York Muni Bond ETF,iShares,0.09,1401042411.43,Fixed Income,United States North America,,3.170024,US4642883239,iShares
BRLN,iShares Floating Rate Loan Active ETF,iShares,0.55,53493295.97,Fixed Income,United States North America,,6.1965,US0925284053,iShares
MUB,iShares National Muni Bond ETF,iShares,0.05,45632684113.36,Fixed Income,United States North America,,3.237445,US4642884146,iShares
IBTJ,iShares® iBonds® Dec 2029 Term Treasury ETF,iShares,0.07,1350880759.73,Fixed Income,United States North America,,3.781731,US46436E8259,iShares
AOM,iShares Core 40/60 Moderate Allocation ETF,iShares,0.15,1770861063.11,Multi Asset,Broad Global,,2.977719614921781,US4642898757,iShares
IJJ,iShares S&P Mid-Cap 400 Value ETF,iShares,0.18,8969477824.02,Equity,United States North America,,1.588331,US4642877058,iShares
IGV,iShares Expanded Tech-Software Sector ETF,iShares,0.38,14887995344.41,Equity,United States North America,,0.018582,US4642875151,iShares
IDGT,iShares U.S. Digital Infrastructure and Real Estate ETF,iShares,0.37,522004339.11,Equity,United States North America,,0.759231,US4642875318,iShares
IGM,iShares Expanded Tech Sector ETF,iShares,0.37,10701606129.27,Equity,United States North America,,0.133716,US4642875490,iShares
LDRH,iShares® iBonds® 1-5 Year High Yield and Income Ladder ETF,iShares,0.35,22523639.11,Fixed Income,United States North America,,6.460399148428005,US46438G5475,iShares
IGE,iShares North American Natural Resources ETF,iShares,0.37,744482322.3,Equity,Broad North America,,2.114342,US4642873743,iShares
IHAK,iShares Cybersecurity and Tech ETF,iShares,0.47,1084877003.95,Equity,Broad Global,,0.073536002636349,US46435U1354,iShares
IJS,iShares S&P Small-Cap 600 Value ETF,iShares,0.18,8341522194.32,Equity,United States North America,,1.32,US4642878791,iShares
IJR,iShares Core S&P Small-Cap ETF,iShares,0.06,112418843158.09,Equity,United States North America,,1.11,US4642878049,iShares
IJT,iShares S&P Small-Cap 600 Growth ETF,iShares,0.18,8425786304.75,Equity,United States North America,,0.678572,US4642878874,iShares
LMUB,iShares Long-Term National Muni Bond ETF,iShares,0.09,1593741336.94,Fixed Income,United States North America,,3.86012,US46438G4486,iShares
SUB,iShares Short-Term National Muni Bond ETF,iShares,0.07,11363025528.9,Fixed Income,United States North America,,2.563313,US4642881589,iShares
LDRI,iShares® iBonds® 1-5 Year TIPS Ladder ETF,iShares,0.1,22453266.24,Fixed Income,United States North America,,4.958467914436256,US46438G5137,iShares
IQLT,iShares MSCI Intl Quality Factor ETF,iShares,0.3,14080685081.65,Equity,Broad Global,,2.413294716032879,US46434V4564,iShares
KSA,iShares MSCI Saudi Arabia ETF,iShares,0.75,624151823.83,Equity,Saudi Arabia Middle East and Africa,,2.773080021482277,US46434V4234,iShares
IMTM,iShares MSCI Intl Momentum Factor ETF,iShares,0.3,4234067999.28,Equity,Broad Global,,2.202265750291119,US46434V4499,iShares
LDRC,iShares® iBonds® 1-5 Year Corporate Ladder ETF,iShares,0.1,88062659.65,Fixed Income,United States North America,,4.158224294746462,US46438G5392,iShares
SYSB,iShares Systematic Bond ETF,iShares,0.25,1170174248.73,Fixed Income,United States North America,,4.6081,US46435U7963,iShares
BRMAX,iShares Russell Mid-Cap Index Fund,iShares,0.36,200967304.61,Equity,United States North America,,,US09258N3070,iShares
LDRT,iShares® iBonds® 1-5 Year Treasury Ladder ETF,iShares,0.07,209996582.29,Fixed Income,United States North America,,3.76793662532757,US46438G5210,iShares
PABD,iShares Paris-Aligned Climate Optimized MSCI World ex USA ETF,iShares,0.12,337625971.87,Equity,Broad Global,,3.001913201290813,US46438G7299,iShares
FALN,iShares Fallen Angels USD Bond ETF,iShares,0.25,1597441514.77,Fixed Income,United States North America,,6.5341,US46435G4745,iShares
ENHI,iShares Enhanced International Active ETF,iShares,0.27,21999694.68,Equity,United States Global,,,US09290C6241,iShares
PFF,iShares Preferred and Income Securities ETF,iShares,0.45,13220679530.63,Equity,United States North America,,5.6,US4642886877,iShares
JPXN,iShares JPX-Nikkei 400 ETF,iShares,0.48,137470455.86,Equity,Japan Asia Pacific,,2.74352741643672,US4642873826,iShares
HYXF,iShares ESG Advanced High Yield Corporate Bond ETF,iShares,0.35,194615475.47,Fixed Income,United States North America,,6.0649,US46435G4414,iShares
IGOV,iShares International Treasury Bond ETF,iShares,0.35,1540955527.56,Fixed Income,Broad Global,,1.4214,US4642881175,iShares
USLN,iShares Broad USD Floating Rate Loan ETF,iShares,0.4,22626793.93,Fixed Income,United States North America,,,US46438G2324,iShares
IBIT,iShares Bitcoin Trust ETF,iShares,0.25,48072929438.6,Digital Assets,United States North America,,,US46438F1012,iShares
ISHG,iShares 1-3 Year International Treasury Bond ETF,iShares,0.35,826154423.03,Fixed Income,Broad Global,,1.4506,US4642881258,iShares
ITDJ,iShares® LifePath® Target Date 2070 ETF,iShares,0.12,15398461.3,Multi Asset,Broad Global,,1.250204455294476,US46438G4890,iShares
MBBA,iShares Mortgage-Backed Securities Active ETF,iShares,0.25,154098055.87,Fixed Income,United States North America,,,US0925287932,iShares
LQDB,iShares BBB Rated Corporate Bond ETF,iShares,0.15,59519328.88,Fixed Income,United States North America,,4.783253,US46436E4944,iShares
BDYN,iShares Dynamic Equity Active ETF,iShares,0.4,3112905899.27,Equity,Broad Global,,,US09290C7231,iShares
BDVL,iShares Disciplined Volatility Equity Active ETF,iShares,0.4,1762191748.03,Equity,Broad Global,,,US09290C7157,iShares
SLV,iShares Silver Trust,iShares,0.5,29801477814.22,Commodity,Broad Global,,,US46428Q1094,iShares
NEAR,iShares Short Duration Bond Active ETF,iShares,0.25,4874218866.8,Fixed Income,United States North America,,4.4425,US46431W5076,iShares
IBTM,iShares® iBonds® Dec 2032 Term Treasury ETF,iShares,0.07,559765995.7,Fixed Income,United States North America,,3.947145,US46436E2963,iShares
IBIJ,iShares® iBonds® Oct 2033 Term TIPS ETF,iShares,0.1,53032438.71,Fixed Income,United States North America,,5.507455,US46438G8511,iShares
IBII,iShares® iBonds® Oct 2032 Term TIPS ETF,iShares,0.1,49288171.43,Fixed Income,United States North America,,5.200973,US46438G8693,iShares
SMMD,iShares Russell 2500 ETF,iShares,0.15,3703751321.69,Equity,United States North America,,1.046797,US46435G2681,iShares
USCL,iShares Climate Conscious & Transition MSCI USA ETF,iShares,0.08,2876034936.65,Equity,United States North America,,1.11057551363691,US46436E1551,iShares
ESGU,iShares ESG Aware MSCI USA ETF,iShares,0.15,18289741713.45,Equity,United States North America,,0.936273977151885,US46435G4257,iShares
IBIC,iShares® iBonds® Oct 2026 Term TIPS ETF,iShares,0.1,76787068.7,Fixed Income,United States North America,,4.616919,US46438G5053,iShares
IBIH,iShares® iBonds® Oct 2031 Term TIPS ETF,iShares,0.1,67896535.45,Fixed Income,United States North America,,4.971299,US46438G8776,iShares
SMAX,iShares Large Cap Max Buffer Sep ETF,iShares,0.5,88975533.47,Equity,United States North America,,0.75,US46438G5889,iShares
IBIE,iShares® iBonds® Oct 2028 Term TIPS ETF,iShares,0.1,156821517.47,Fixed Income,United States North America,,4.96004,US46438G7034,iShares
IBID,iShares® iBonds® Oct 2027 Term TIPS ETF,iShares,0.1,120674963.4,Fixed Income,United States North America,,4.905918,US46438G6044,iShares
IBIG,iShares® iBonds® Oct 2030 Term TIPS ETF,iShares,0.1,140853438.98,Fixed Income,United States North America,,5.496553,US46438G8859,iShares
CSHP,iShares Dynamic Short-Term Active ETF,iShares,0.2,192310947.38,Fixed Income,Broad Global,,4.1135,US09290C8221,iShares
WSML,iShares MSCI World Small-Cap ETF,iShares,0.3,672192587.46,Equity,Broad Global,,1.971107952630136,US46438G4304,iShares
IBIF,iShares® iBonds® Oct 2029 Term TIPS ETF,iShares,0.1,107891503.86,Fixed Income,United States North America,,4.936934,US46438G8024,iShares
ISTB,iShares Core 1-5 Year USD Bond ETF,iShares,0.06,5124754801.86,Fixed Income,United States North America,,4.2799,US46432F8591,iShares
IEMG,iShares Core MSCI Emerging Markets ETF,iShares,0.09,155882698817.95,Equity,Broad Global,,2.159896914740098,US46434G1031,iShares
IEFA,iShares Core MSCI EAFE ETF,iShares,0.07,193565366165.61,Equity,Broad Global,,3.364151806137405,US46432F8427,iShares
IXUS,iShares Core MSCI Total International Stock ETF,iShares,0.07,59870303801.84,Equity,Broad Global,,2.912024031900149,US46432F8344,iShares
SUSL,iShares ESG MSCI USA Leaders ETF,iShares,0.1,1206987908.24,Equity,United States North America,,0.939713938030947,US46435U2188,iShares
LQDH,iShares Interest Rate Hedged Corporate Bond ETF,iShares,0.24,540359042.68,Fixed Income,United States North America,,6.4315,US46431W7056,iShares
HYGH,iShares Interest Rate Hedged High Yield Bond ETF,iShares,0.52,599465390.44,Fixed Income,United States North America,,7.0961,US46431W6066,iShares
IBDR,iShares® iBonds® Dec 2026 Term Corporate ETF,iShares,0.1,3387845289.03,Fixed Income,United States North America,,4.0892,US46435GAA04,iShares
HAWX,iShares Currency Hedged MSCI ACWI ex U.S. ETF,iShares,0.35,352727705.55,Equity,Broad Global,,2.377564864256516,US46435G8472,iShares
HSCZ,iShares Currency Hedged MSCI EAFE Small-Cap ETF,iShares,0.43,254319689.7,Equity,Broad Global,,2.945060003844465,US46435G8399,iShares
ETHB,iShares Staked Ethereum Trust ETF,iShares,0.25,582703093.99,Digital Assets,United States North America,,,US46438M1062,iShares
IWMW,iShares Russell 2000 BuyWrite ETF,iShares,0.39,59609008.08,Equity,United States North America,,15.0529,US46438G6952,iShares
CORO,iShares International Country Rotation Active ETF,iShares,0.55,8035658714.08,Equity,Broad Global,,2.0814,US09290C7645,iShares
MAIIX,iShares MSCI EAFE International Index Fund,iShares,0.09,1879695713.06,Equity,Broad Global,,0.0,US09253F4081,iShares
IVVW,iShares S&P 500 BuyWrite ETF,iShares,0.25,338090631.86,Equity,United States North America,,17.2278,US46438G7117,iShares
BTMKX,iShares MSCI EAFE International Index Fund,iShares,0.04,8506505537.35,Equity,Broad Global,,0.0,US09253F8793,iShares
MDIIX,iShares MSCI EAFE International Index Fund,iShares,0.34,526153426.97,Equity,Broad Global,,0.0,US09253F3091,iShares
BALI,iShares U.S. Large Cap Premium Income Active ETF,iShares,0.35,1352344366.36,Equity,United States North America,,7.54,US09290C8635,iShares
BREM,iShares Emerging Markets Bond Active ETF,iShares,0.5,38172179.08,Fixed Income,Broad Global,,,US0925288278,iShares
HYGW,iShares High Yield Corporate Bond BuyWrite Strategy ETF,iShares,0.69,111915689.46,Fixed Income,United States North America,,9.8042,US46436E3201,iShares
TLTW,iShares 20+ Year Treasury Bond BuyWrite Strategy ETF,iShares,0.35,1847787745.84,Fixed Income,United States North America,,10.6769,US46436E3383,iShares
IQQ,iShares Nasdaq 100 ETF,iShares,0.1,349377195.66,Equity,United States North America,,,US46438T3095,iShares
HEZU,iShares Currency Hedged MSCI Eurozone ETF,iShares,0.53,582277736.03,Equity,Broad Europe,,2.548416650069707,US46434V6395,iShares
IUSB,iShares Core Universal USD Bond ETF,iShares,0.06,43253294360.01,Fixed Income,United States North America,,4.281954,US46434V6130,iShares
MDSKX,iShares Russell 2000 Small-Cap Index Fund,iShares,0.37,282612034.24,Equity,United States North America,,0.0,US09253F7050,iShares
HEEM,iShares Currency Hedged MSCI Emerging Markets ETF,iShares,0.72,288204233.53,Equity,Broad Global,,1.748727598566308,US46434G5099,iShares
LQDW,iShares Investment Grade Corporate Bond BuyWrite Strategy ETF,iShares,0.34,318120448.57,Fixed Income,United States North America,,10.3959,US46436E2880,iShares
BDBKX,iShares Russell 2000 Small-Cap Index Fund,iShares,0.07,2872400274.78,Equity,United States North America,,0.0,US09253F8876,iShares
AQLT,iShares MSCI Global Quality Factor ETF,iShares,0.2,308076142.8,Equity,Broad Global,,0.989243964421855,US46438G4973,iShares
BSPPX,iShares S&P 500 Index Fund,iShares,0.35,2433558388.33,Equity,United States North America,,,US0669232367,iShares
LQDI,iShares Inflation Hedged Corporate Bond ETF,iShares,0.18,69630092.3,Fixed Income,United States North America,,5.0833,US46431W5803,iShares
DGRO,iShares Core Dividend Growth ETF,iShares,0.08,43453367110.41,Equity,United States North America,,1.95,US46434V6213,iShares
DMAX,iShares Large Cap Max Buffer Dec ETF,iShares,0.5,139131897.04,Equity,United States North America,,0.88,US46438G4718,iShares
IBAT,iShares Energy Storage & Materials ETF,iShares,0.47,72682829.33,Equity,Broad Global,,0.676039956667235,US46438G7372,iShares
BPAY,iShares FinTech Active ETF,iShares,0.55,9915192.18,Equity,Broad Global,,3.0057,US09290C8890,iShares
IEUR,iShares Core MSCI Europe ETF,iShares,0.1,9085826297.43,Equity,Broad Europe,,3.173134584924035,US46434V7385,iShares
IFRA,iShares U.S. Infrastructure ETF,iShares,0.3,4622059778.62,Equity,United States North America,,1.544263283108644,US46435U7138,iShares
IPAC,iShares Core MSCI Pacific ETF,iShares,0.09,2719823496.12,Equity,Broad Asia Pacific,,3.861701811724947,US46434V6965,iShares
MASKX,iShares Russell 2000 Small-Cap Index Fund,iShares,0.12,568536204.5,Equity,United States North America,,0.0,US09253F8041,iShares
EMGF,iShares Emerging Markets Equity Factor ETF,iShares,0.26,1873421321.41,Equity,Broad Global,,1.968061862530636,US46434G8895,iShares
GLOF,iShares Global Equity Factor ETF,iShares,0.2,221614760.24,Equity,Broad Global,,1.58100246674898,US46434V3160,iShares
INTF,iShares International Equity Factor ETF,iShares,0.16,3683544461.53,Equity,Broad Global,,3.024535503188799,US46434V2741,iShares
ISCF,iShares International Small-Cap Equity Factor ETF,iShares,0.24,675760804.05,Equity,Broad Global,,3.719486405708077,US46434V2667,iShares
IBRN,iShares Neuroscience and Healthcare ETF,iShares,0.47,7612933.35,Equity,Broad Global,,0.818544568494658,US46436E3532,iShares
ICVT,iShares Convertible Bond ETF,iShares,0.2,7472974893.21,Fixed Income,United States North America,,1.3668,US46435G1022,iShares
BTMPX,iShares MSCI EAFE International Index Fund,iShares,0.34,191577998.71,Equity,Broad Global,,,US0669232516,iShares
LRGF,iShares U.S. Equity Factor ETF,iShares,0.08,3693261748.24,Equity,United States North America,,1.084103,US46434V2824,iShares
BMOPX,iShares U.S. Aggregate Bond Index Fund,iShares,0.35,15432586.26,Fixed Income,United States North America,,,US0669232284,iShares
SMLF,iShares U.S. Small-Cap Equity Factor ETF,iShares,0.15,4246871122.72,Equity,United States North America,,0.990455,US46434V2907,iShares
IBDT,iShares® iBonds® Dec 2028 Term Corporate ETF,iShares,0.1,4064386954.68,Fixed Income,United States North America,,4.5145,US46435U5157,iShares
BDBPX,iShares Russell 2000 Small-Cap Index Fund,iShares,0.37,380573119.03,Equity,United States North America,,,US0669232441,iShares
KWT,iShares MSCI Kuwait ETF,iShares,0.75,69182216.36,Equity,Kuwait Kuwait,,5.581806005850771,US46436E8176,iShares
WFBIX,iShares U.S. Aggregate Bond Index Fund,iShares,0.05,2954652958.08,Fixed Income,United States North America,,,US0669221055,iShares
EFRA,iShares Environmental Infrastructure and Industrials ETF,iShares,0.47,5830351.46,Equity,Broad Global,,1.579215489281477,US46436E2542,iShares
IBTK,iShares® iBonds® Dec 2030 Term Treasury ETF,iShares,0.07,979274042.1,Fixed Income,United States North America,,3.775716,US46436E5933,iShares
BMOAX,iShares U.S. Aggregate Bond Index Fund,iShares,0.35,170896290.88,Fixed Income,United States North America,,,US0669234009,iShares
BMOIX,iShares U.S. Aggregate Bond Index Fund,iShares,0.1,158056984.94,Fixed Income,United States North America,,,US0669235097,iShares
BITA,iShares Bitcoin Premium Income ETF,iShares,0.65,58008250.32,Digital Assets,United States North America,,,US46439G1085,iShares
REET,iShares Global REIT ETF,iShares,0.14,5136284366.39,Real Estate,Broad Global,,3.362172338884865,US46434V6478,iShares
PMMF,iShares Prime Money Market ETF,iShares,0.2,666754390.4,Cash,United States North America,,0.264512,US09290C7561,iShares
GOVM,iShares 1-10 Year Treasury Bond ETF,iShares,0.05,4975946.7,Fixed Income,United States North America,,,US46438T1016,iShares
GMMF,iShares Government Money Market ETF,iShares,0.2,185483050.16,Cash,United States North America,,0.249814,US09290C7496,iShares
XOEF,iShares S&P 500 ex S&P 100 ETF,iShares,0.2,23022243.2,Equity,United States North America,,,US46438G3231,iShares
BIDAX,iShares Municipal Bond Index Fund,iShares,0.5,16690056.56,Fixed Income,United States North America,,,US09258N3567,iShares
BIDIX,iShares Municipal Bond Index Fund,iShares,0.25,31562863.5,Fixed Income,United States North America,,,US09258N3492,iShares
USHY,iShares Broad USD High Yield Corporate Bond ETF,iShares,0.08,28918824765.68,Fixed Income,United States North America,,6.9408,US46435U8532,iShares
ETEC,iShares Breakthrough Environmental Solutions ETF,iShares,0.47,4368789.74,Equity,Broad Global,,0.42601112565445,US46436E1973,iShares
IDEF,iShares Defense Industrials Active ETF,iShares,0.55,4538312386.3,Equity,Broad Global,,0.3356,US09290C6993,iShares
BIDKX,iShares Municipal Bond Index Fund,iShares,0.2,241633.32,Fixed Income,United States North America,,,US09258N3310,iShares
BSPAX,iShares S&P 500 Index Fund,iShares,0.35,3898345505.14,Equity,United States North America,,,US0669235667,iShares
AGRH,iShares Interest Rate Hedged U.S. Aggregate Bond ETF,iShares,0.13,7865052.23,Fixed Income,United States North America,,4.4324,US46431W5316,iShares
BSPIX,iShares S&P 500 Index Fund,iShares,0.1,7552024593.55,Equity,United States North America,,,US0669235584,iShares
BDOAX,iShares MSCI Total International Index Fund,iShares,0.4,74926890.94,Equity,Broad Global,,,US0669236244,iShares
IBHJ,iShares® iBonds® 2030 Term High Yield and Income ETF,iShares,0.35,155920118.25,Fixed Income,United States North America,,6.693406,US46436E1221,iShares
BDOIX,iShares MSCI Total International Index Fund,iShares,0.14,917378123.66,Equity,Broad Global,,,US0669236160,iShares
BDOKX,iShares MSCI Total International Index Fund,iShares,0.09,1555283728.3,Equity,Broad Global,,,US0669235907,iShares
BCLO,iShares BBB-B CLO Active ETF,iShares,0.45,83816990.91,Fixed Income,United States North America,,6.5205,US0925288500,iShares
ILIT,iShares Lithium Miners and Producers ETF,iShares,0.47,14349998.78,Equity,Broad Global,,1.807097950803824,US46436E1718,iShares
ICOP,iShares Copper and Metals Mining ETF,iShares,0.47,468315514.6,Equity,Broad Global,,1.799717468147813,US46436E1890,iShares
GOVZ,iShares 25+ Year Treasury STRIPS Bond ETF,iShares,0.1,262045824.78,Fixed Income,United States North America,,5.477241,US46438T2006,iShares
IBDY,iShares® iBonds® Dec 2033 Term Corporate ETF,iShares,0.1,1087676050.29,Fixed Income,United States North America,,4.938445,US46436E1304,iShares
IBTO,iShares® iBonds® Dec 2033 Term Treasury ETF,iShares,0.07,465168600.04,Fixed Income,United States North America,,4.181352,US46436E1486,iShares
HIMU,iShares High Yield Muni Active ETF,iShares,0.39,2424358786.23,Fixed Income,United States North America,,5.2322,US0925288435,iShares
XVV,iShares ESG Select Screened S&P 500 ETF,iShares,0.08,675953545.94,Equity,United States North America,,0.94,US46436E5693,iShares
XJH,iShares ESG Select Screened S&P Mid-Cap ETF,iShares,0.12,431213441.67,Equity,United States North America,,1.07,US46436E5511,iShares
IBDS,iShares® iBonds® Dec 2027 Term Corporate ETF,iShares,0.1,3860968092.98,Fixed Income,United States North America,,4.3007,US46435UAA97,iShares
GGOV,iShares Global Government Bond USD Hedged Active ETF,iShares,0.39,2995611271.99,Fixed Income,Broad Global,,3.2313,US0925288351,iShares
BRGKX,iShares Russell 1000 Large-Cap Index Fund,iShares,0.06,1709575048.29,Equity,United States North America,,,US0669233019,iShares
XJR,iShares ESG Select Screened S&P Small-Cap ETF,iShares,0.12,190289303.65,Equity,United States North America,,0.92,US46436E5446,iShares
IVVB,iShares Large Cap Deep Quarterly Laddered ETF,iShares,0.5,128710923.92,Equity,United States North America,,1.17,US0925288013,iShares
BRGAX,iShares Russell 1000 Large-Cap Index Fund,iShares,0.36,136169556.32,Equity,United States North America,,,US0669231039,iShares
IVVM,iShares Large Cap Moderate Quarterly Laddered ETF,iShares,0.5,176591808.31,Equity,United States North America,,0.59,US0925287023,iShares
BRGNX,iShares Russell 1000 Large-Cap Index Fund,iShares,0.11,229624991.63,Equity,United States North America,,,US0669232029,iShares
BSPGX,iShares S&P 500 Index Fund,iShares,0.01,23325628444.07,Equity,United States North America,,,US0669231948,iShares
INMU,iShares Intermediate Muni Income Active ETF,iShares,0.3,539495838.63,Fixed Income,United States North America,,3.4098,US0925282073,iShares
BFLX,iShares Flexible Equity Active ETF,iShares,0.4,1663334967.13,Equity,Broad Global,,,US09290C5904,iShares
SHYM,iShares Short Duration High Yield Muni Active ETF,iShares,0.4,811377967.87,Fixed Income,United States North America,,4.3628,US0925281083,iShares
HEFA,iShares Currency Hedged MSCI EAFE ETF,iShares,0.35,7682157848.15,Equity,Broad Global,,2.954323286181487,US46434V8037,iShares
IGEB,iShares Investment Grade Systematic Bond ETF,iShares,0.18,1514201658.79,Fixed Income,United States North America,,5.1425,US46435G2194,iShares
INRO,iShares U.S. Industry Rotation Active ETF,iShares,0.42,35489021.39,Equity,United States North America,,0.5941,US09290C8304,iShares
HEWJ,iShares Currency Hedged MSCI Japan ETF,iShares,0.49,734664099.49,Equity,Japan Asia Pacific,,3.71379296592962,US46434V8862,iShares
TFLO,iShares Treasury Floating Rate Bond ETF,iShares,0.15,6714595080.74,Fixed Income,United States North America,,3.7911,US46434V8607,iShares
IBMS,iShares® iBonds® Dec 2030 Term Muni Bond ETF,iShares,0.1,322414749.3,Fixed Income,United States North America,,2.4951,US46438G6879,iShares
IBIK,iShares® iBonds® Oct 2034 Term TIPS ETF,iShares,0.1,86419336.37,Fixed Income,United States North America,,5.5877,US46438G6796,iShares
IBHK,iShares® iBonds® 2031 Term High Yield and Income ETF,iShares,0.35,72352251.65,Fixed Income,United States North America,,6.5108,US46438G6614,iShares
IEDI,iShares U.S. Consumer Focused ETF,iShares,0.18,28557030.15,Equity,United States North America,,0.959542,US46431W6637,iShares
IBDZ,iShares® iBonds® Dec 2034 Term Corporate ETF,iShares,0.1,868490146.34,Fixed Income,United States North America,,4.9219,US46438G6531,iShares
DIVB,iShares Core Dividend ETF,iShares,0.05,1747486744.74,Equity,United States North America,,2.26,US46435U8615,iShares
BELT,iShares U.S. Select Equity Active ETF,iShares,0.75,9957606.05,Equity,United States North America,,0.0192,US09290C8148,iShares
ENHU,iShares Enhanced Large Cap Core Active ETF,iShares,0.22,13782265.52,Equity,United States North America,,,US09290C6571,iShares
EUIG,iShares Euro Investment Grade Corporate Bond USD Hedged ETF,iShares,0.18,20974818.6,Fixed Income,Broad Global,,,US46438G2654,iShares
SIZE,iShares MSCI USA Size Factor ETF,iShares,0.15,439541415.53,Equity,United States North America,,1.367816162862431,US46432F3709,iShares
IETC,iShares U.S. Tech Independence Focused ETF,iShares,0.18,708492011.39,Equity,United States North America,,0.39014,US46431W6488,iShares
ISTM,iShares Strategic Metals ETF,iShares,0.47,30473677.89,Commodity,Broad Global,,14.6523,US46431W5159,iShares
BMED,iShares Health Innovation Active ETF,iShares,0.55,11285356.6,Equity,Broad Global,,0.2649,US09290C4006,iShares
EMXF,iShares ESG Advanced MSCI EM ETF,iShares,0.16,163386749.46,Equity,Broad Global,,2.654772931748573,US46436E7426,iShares
BGRO,iShares Large Cap Growth Active ETF,iShares,0.55,9380197.47,Equity,United States North America,,0.0325,US09290C7983,iShares
IDNA,iShares Genomics Immunology and Healthcare ETF,iShares,0.47,196568682.24,Equity,Broad Global,,0.834453357100416,US46435U1925,iShares
TOPC,iShares S&P 500 3% Capped ETF,iShares,0.09,31604798.55,Equity,United States North America,,1.037473,US46438G3496,iShares
BRHY,iShares High Yield Active ETF,iShares,0.45,136787362.41,Fixed Income,Broad Global,,6.2341,US0925288682,iShares
IBDW,iShares® iBonds® Dec 2031 Term Corporate ETF,iShares,0.1,2540270578.11,Fixed Income,United States North America,,4.7995,US46436E4860,iShares
BAIPX,iShares Short-Term TIPS Bond Index Fund,iShares,0.36,6394234.07,Fixed Income,United States North America,,,US09258N8772,iShares
BIIPX,iShares Short-Term TIPS Bond Index Fund,iShares,0.07,662528170.62,Fixed Income,United States North America,,,US09258N8855,iShares
TEND,iShares Large Cap 10% Target Buffer Dec ETF,iShares,0.5,70079427.74,Equity,United States North America,,,US46438G2993,iShares
ESML,iShares ESG Aware MSCI USA Small-Cap ETF,iShares,0.17,2912401046.67,Equity,United States North America,,0.885218617088932,US46435U6635,iShares
BKIPX,iShares Short-Term TIPS Bond Index Fund,iShares,0.06,619230217.88,Fixed Income,United States North America,,,US09258N8699,iShares
STEN,iShares Large Cap 10% Target Buffer Sep ETF,iShares,0.5,39518830.81,Equity,United States North America,,,US46438G3157,iShares
TENJ,iShares Large Cap 10% Target Buffer Jun ETF,iShares,0.5,40642508.07,Equity,United States North America,,,US46438G2811,iShares
CRBN,iShares Low Carbon Optimized MSCI ACWI ETF,iShares,0.2,1176479164.02,Equity,Broad Global,,2.01150558993475,US46434V4648,iShares
ETHA,iShares Ethereum Trust ETF,iShares,0.25,5603828868.54,Digital Assets,United States North America,,,US46438R1059,iShares
BSPSX,iShares S&P 500 Index Fund,iShares,0.22,2019660387.03,Equity,United States North America,,,US0669235337,iShares
CALI,iShares Short-Term California Muni Active ETF,iShares,0.2,450158246.1,Fixed Income,United States North America,,2.5303,US0925288849,iShares
TENM,iShares Large Cap 10% Target Buffer Mar ETF,iShares,0.5,46200292.88,Equity,United States North America,,,US46438G2738,iShares
HYDB,iShares High Yield Systematic Bond ETF,iShares,0.35,1598183857.16,Fixed Income,United States North America,,6.9895,US46435G2509,iShares
MTUM,iShares MSCI USA Momentum Factor ETF,iShares,0.15,25793748053.8,Equity,United States North America,,0.539996521530995,US46432F3964,iShares
VLUE,iShares MSCI USA Value Factor ETF,iShares,0.15,9441755965.98,Equity,United States North America,,1.400218057377026,US46432F3881,iShares
BRTR,iShares Total Return Active ETF,iShares,0.38,742476660.8,Fixed Income,Broad Global,,4.5981,US0925288765,iShares
TECB,iShares U.S. Tech Breakthrough Multisector ETF,iShares,0.3,484471505.16,Equity,United States North America,,0.298365,US46436E5024,iShares
QNXT,iShares Nasdaq-100 ex Top 30 ETF,iShares,0.2,29134771.56,Equity,United States North America,,0.659691,US46438G5541,iShares
SUSC,iShares ESG Aware USD Corporate Bond ETF,iShares,0.18,1295382206.91,Fixed Income,United States North America,,4.5806,US46435G1931,iShares
SUSB,iShares ESG Aware 1-5 Year USD Corporate Bond ETF,iShares,0.12,1299115314.46,Fixed Income,United States North America,,4.5277,US46435G2434,iShares
BALQ,iShares Nasdaq Premium Income Active ETF,iShares,0.35,17835105.31,Equity,United States North America,,,US09290C6407,iShares
ITDC,iShares® LifePath®  Target Date 2035 ETF,iShares,0.1,111415424.71,Multi Asset,Broad Global,,1.873584082856364,US46438G8107,iShares
MEAR,iShares Short Maturity Municipal Bond Active ETF,iShares,0.26,1368674184.91,Fixed Income,United States North America,,2.837145,US46431W8385,iShares
ICSH,iShares Ultra Short Duration Bond Active ETF,iShares,0.08,8389744952.22,Fixed Income,United States North America,,4.2065,US46434V8789,iShares
ITDB,iShares® LifePath®  Target Date 2030 ETF,iShares,0.09,77119336.26,Multi Asset,Broad Global,,1.924900171135197,US46438G8289,iShares
SDG,iShares MSCI Global Sustainable Development Goals ETF,iShares,0.5,172808749.27,Equity,Broad Global,,1.687382802827513,US46435G5320,iShares
ITDE,iShares® LifePath® Target Date 2045 ETF,iShares,0.11,89617760.45,Multi Asset,Broad Global,,1.680721958531102,US46438G7869,iShares
ITDF,iShares® LifePath® Target Date 2050 ETF,iShares,0.11,86249421.2,Multi Asset,Broad Global,,1.478059533850998,US46438G7786,iShares
ITDD,iShares® LifePath® Target Date 2040 ETF,iShares,0.11,107864821.14,Multi Asset,Broad Global,,1.666382757725266,US46438G7943,iShares
EMXC,iShares MSCI Emerging Markets ex China ETF,iShares,0.25,24118079272.48,Equity,Broad Global,,1.872510069129544,US46434G7640,iShares
CLOA,iShares AAA CLO Active ETF,iShares,0.2,2217131694.67,Fixed Income,United States North America,,4.8584,US0925285043,iShares
SGOV,iShares 0-3 Month Treasury Bond ETF,iShares,0.09,100328271766.58,Fixed Income,United States North America,,3.748585,US46436E7186,iShares
ITDH,iShares® LifePath® Target Date 2060 ETF,iShares,0.12,40491044.01,Multi Asset,Broad Global,,1.429816286840468,US46438G7521,iShares
ITDI,iShares® LifePath® Target Date 2065 ETF,iShares,0.12,27552955.11,Multi Asset,Broad Global,,1.452431791221827,US46438G7455,iShares
LCTU,iShares U.S. Carbon Transition Readiness Aware Active ETF,iShares,0.15,1247282085.86,Equity,United States North America,,0.9597,US09290C5094,iShares
ITDG,iShares® LifePath® Target Date 2055 ETF,iShares,0.12,58544887.51,Multi Asset,Broad Global,,1.432137096774194,US46438G7604,iShares
EQLT,iShares MSCI Emerging Markets Quality Factor ETF,iShares,0.35,12325522.06,Equity,Broad Global,,1.579604769179507,US46438G1094,iShares
TCHI,iShares MSCI China Multisector Tech ETF,iShares,0.59,45522955.95,Equity,China Asia Pacific,,2.042660077334949,US46436E4290,iShares
THRO,iShares U.S. Thematic Rotation Active ETF,iShares,0.57,6689290947.44,Equity,United States North America,,0.2508,US09290C8064,iShares
LCTD,iShares World ex U.S. Carbon Transition Readiness Aware Active ETF,iShares,0.22,290802451.66,Equity,Broad Global,,3.3854,US09290C6084,iShares
IRTR,iShares® LifePath® Retirement ETF,iShares,0.08,58988185.84,Multi Asset,Broad Global,,2.985929940806992,US46438G8446,iShares
EVLU,iShares MSCI Emerging Markets Value Factor ETF,iShares,0.35,14669261.92,Equity,Broad Global,,3.78396161421863,US46438G2084,iShares
IALT,iShares Systematic Alternatives Active ETF,iShares,0.99,5393427333.27,Multi Asset,Broad Global,,,US09290C6654,iShares
IBDU,iShares® iBonds® Dec 2029 Term Corporate ETF,iShares,0.1,4056304926.14,Fixed Income,United States North America,,4.6408,US46436E2054,iShares
BTOT,iShares Total USD Fixed Income Market ETF,iShares,0.09,29344222.52,Fixed Income,United States North America,,,US46438G2407,iShares
IAUM,iShares Gold Trust Micro,iShares,0.09,6813279480.61,Commodity,Broad Global,,,US46436F1030,iShares
ESMV,iShares ESG Optimized MSCI USA Min Vol Factor ETF,iShares,0.18,7845720.93,Equity,United States North America,,1.513433255015451,US46436E4456,iShares
QTOP,iShares Nasdaq Top 30 Stocks ETF,iShares,0.2,289600061.27,Equity,United States North America,,0.323321,US46438G5624,iShares
IBHI,iShares® iBonds® 2029 Term High Yield and Income ETF,iShares,0.35,496331584.07,Fixed Income,United States North America,,6.661715,US46436E3797,iShares
IGLB,iShares 10+ Year Investment Grade Corporate Bond ETF,iShares,0.04,2810674943.56,Fixed Income,United States North America,,5.3961,US4642895118,iShares
IBHH,iShares® iBonds® 2028 Term High Yield and Income ETF,iShares,0.35,456260288.7,Fixed Income,United States North America,,6.225177,US46436E3870,iShares
ILTB,iShares Core 10+ Year USD Bond ETF,iShares,0.06,597257492.71,Fixed Income,United States North America,,5.0964,US4642894798,iShares
QLTA,iShares Aaa - A Rated Corporate Bond ETF,iShares,0.15,1218797186.21,Fixed Income,United States North America,,4.5818,US46429B2916,iShares
TWOX,iShares Large Cap Accelerated Outcome ETF,iShares,0.5,22700171.29,Equity,United States North America,,0.49,US46438G4635,iShares
TOPT,iShares Top 20 U.S. Stocks ETF,iShares,0.2,674218012.92,Equity,United States North America,,0.384384,US46438G5707,iShares
IBTR,iShares® iBonds® Dec 2036 Term Treasury ETF,iShares,0.07,17165586.93,Fixed Income,United States North America,,,US46438G1581,iShares
IBGC,iShares® iBonds® Dec 2046 Term Treasury ETF,iShares,0.07,10880671.61,Fixed Income,United States North America,,,US46438G1417,iShares
IBMO,iShares® iBonds® Dec 2026 Term Muni Bond ETF,iShares,0.1,569979328.17,Fixed Income,United States North America,,2.396891,US46435U2592,iShares
IBGK,iShares® iBonds® Dec 2054 Term Treasury ETF,iShares,0.07,5612000.86,Fixed Income,United States North America,,4.8016,US46438G6200,iShares
DVYA,iShares Asia/Pacific Dividend ETF,iShares,0.49,71776147.97,Equity,Broad Asia Pacific,,4.720557334835694,US4642862936,iShares
IBTP,iShares® iBonds® Dec 2034 Term Treasury ETF,iShares,0.07,290707693.59,Fixed Income,United States North America,,4.0709,US46438G6465,iShares
IBGM,iShares® iBonds® Dec 2056 Term Treasury ETF,iShares,0.07,39572760.63,Fixed Income,United States North America,,,US46438G1334,iShares
IBMP,iShares® iBonds® Dec 2027 Term Muni Bond ETF,iShares,0.1,657346248.15,Fixed Income,United States North America,,2.51207,US46435U2832,iShares
IBGA,iShares® iBonds® Dec 2044 Term Treasury ETF,iShares,0.07,102884191.21,Fixed Income,United States North America,,4.7571,US46438G6382,iShares
IBIM,iShares® iBonds® Oct 2036 Term TIPS ETF,iShares,0.1,17253015.88,Fixed Income,United States North America,,,US46438G1250,iShares
IBMQ,iShares® iBonds® Dec 2028 Term Muni Bond ETF,iShares,0.1,660704990.39,Fixed Income,United States North America,,2.453256,US46435U3251,iShares
IGSB,iShares 1-5 Year Investment Grade Corporate Bond ETF,iShares,0.04,23293342936.99,Fixed Income,United States North America,,4.6127,US4642886463,iShares
STIP,iShares 0-5 Year TIPS Bond ETF,iShares,0.03,15855682642.92,Fixed Income,United States North America,,5.374216,US46429B7477,iShares
BEMB,iShares J.P. Morgan Broad USD Emerging Markets Bond ETF,iShares,0.15,42146651.06,Fixed Income,Broad Global,,6.0763,US46436E2625,iShares
IEI,iShares 3-7 Year Treasury Bond ETF,iShares,0.15,17558763536.95,Fixed Income,United States North America,,3.700266,US4642886612,iShares
TLT,iShares 20+ Year Treasury Bond ETF,iShares,0.15,41279055489.55,Fixed Income,United States North America,,4.713968,US4642874329,iShares
TLH,iShares 10-20 Year Treasury Bond ETF,iShares,0.15,10927787727.09,Fixed Income,United States North America,,4.582406,US4642886539,iShares
SHY,iShares 1-3 Year Treasury Bond ETF,iShares,0.15,25359245234.21,Fixed Income,United States North America,,3.635505,US4642874576,iShares
CMBS,iShares CMBS ETF,iShares,0.25,473525748.36,Fixed Income,United States North America,,3.6156,US46429B3666,iShares
AGG,iShares Core U.S. Aggregate Bond ETF,iShares,0.03,137918386201.4,Fixed Income,United States North America,,4.0427,US4642872265,iShares
AGZ,iShares Agency Bond ETF,iShares,0.15,563390586.54,Fixed Income,United States North America,,3.698959,US4642881662,iShares
IEF,iShares 7-10 Year Treasury Bond ETF,iShares,0.15,47312605492.96,Fixed Income,United States North America,,3.951361,US4642874402,iShares
IGIB,iShares 5-10 Year Investment Grade Corporate Bond ETF,iShares,0.04,18590442122.37,Fixed Income,United States North America,,4.9034,US4642886380,iShares
GBF,iShares Government/Credit Bond ETF,iShares,0.2,128019900.17,Fixed Income,United States North America,,3.8157,US4642885960,iShares
GNMA,iShares GNMA Bond ETF,iShares,0.1,431833904.83,Fixed Income,United States North America,,4.2955,US46429B3336,iShares
IMTB,iShares Core 5-10 Year USD Bond ETF,iShares,0.06,275843268.59,Fixed Income,United States North America,,4.5487,US46435G4174,iShares
USIG,iShares Broad USD Investment Grade Corporate Bond ETF,iShares,0.04,17398409929.39,Fixed Income,United States North America,,4.8206,US4642886208,iShares
TIP,iShares TIPS Bond ETF,iShares,0.18,14741827806.06,Fixed Income,United States North America,,4.97284,US4642871762,iShares
SHV,iShares 0–1 Year Treasury Bond ETF,iShares,0.15,20626620618.94,Fixed Income,United States North America,,3.744389,US4642886794,iShares
MBB,iShares MBS ETF,iShares,0.04,39130389178.78,Fixed Income,United States North America,,4.3274,US4642885887,iShares
BRMIX,iShares Russell Mid-Cap Index Fund,iShares,0.1,286904635.41,Equity,United States North America,,,US0919362949,iShares
GVI,iShares Intermediate Government/Credit Bond ETF,iShares,0.2,3794886535.96,Fixed Income,United States North America,,3.6557,US4642886125,iShares
GOVT,iShares U.S. Treasury Bond ETF,iShares,0.05,43751556443.91,Fixed Income,United States North America,,3.645347,US46429B2676,iShares
BRMKX,iShares Russell Mid-Cap Index Fund,iShares,0.04,2154377059.3,Equity,United States North America,,,US0919362865,iShares
ICF,iShares Select U.S. REIT ETF,iShares,0.32,2127930532.53,Real Estate,United States North America,,2.455876,US4642875649,iShares
CMDY,iShares Bloomberg Roll Select Commodity Strategy ETF,iShares,0.28,556923074.81,Commodity,Broad Global,,11.414,US46431W5985,iShares
IDV,iShares International Select Dividend ETF,iShares,0.5,8473385158.1,Equity,Broad Global,,5.427966660080498,US4642884484,iShares
SQLT,iShares MSCI USA Small-Cap Quality Factor ETF,iShares,0.2,7069050.7,Equity,United States North America,,0.0,US46438G1177,iShares
IYM,iShares U.S. Basic Materials ETF,iShares,0.38,1039305210.34,Equity,United States North America,,1.297957043026222,US4642878387,iShares
ITA,iShares U.S. Aerospace & Defense ETF,iShares,0.37,14921320511.35,Equity,United States North America,,0.439010513296228,US4642887602,iShares
IYT,iShares U.S. Transportation ETF,iShares,0.38,2264039785.75,Equity,United States North America,,0.903596036409725,US4642871929,iShares
DVY,iShares Select Dividend ETF,iShares,0.38,23531345224.19,Equity,United States North America,,3.37,US4642871689,iShares
GARP,iShares MSCI USA Quality GARP ETF,iShares,0.15,2796627896.81,Equity,United States North America,,0.26,US46436E4035,iShares
IYE,iShares U.S. Energy ETF,iShares,0.38,1690272548.02,Equity,United States North America,,2.362325211864406,US4642877967,iShares
IYC,iShares U.S. Consumer Discretionary ETF,iShares,0.38,1209738463.94,Equity,United States North America,,0.50697467352592,US4642875805,iShares
IYK,iShares U.S. Consumer Staples ETF,iShares,0.38,1439421205.76,Equity,United States North America,,2.611216240159108,US4642878122,iShares
IAI,iShares U.S. Broker-Dealers & Securities Exchanges ETF,iShares,0.37,1377528793.52,Equity,United States North America,,1.167497434728081,US4642887941,iShares
IYH,iShares U.S. Healthcare ETF,iShares,0.38,3745601064.3,Equity,United States North America,,1.194034079555548,US4642877629,iShares
IBHM,iShares® iBonds® 2033 Term High Yield and Income ETF,iShares,0.35,15086208.07,Fixed Income,United States North America,,,US46438G2241,iShares
IHF,iShares U.S. Healthcare Providers ETF,iShares,0.37,1259041400.94,Equity,United States North America,,0.94499276934201,US4642888287,iShares
IYG,iShares U.S. Financial Services ETF,iShares,0.38,2220373359.79,Equity,United States North America,,1.091319315022957,US4642877702,iShares
IYF,iShares U.S. Financials ETF,iShares,0.38,4448657434.99,Equity,United States North America,,1.502767325180307,US4642877884,iShares
IAK,iShares U.S. Insurance ETF,iShares,0.37,548092458.92,Equity,United States North America,,2.540486829841011,US4642887867,iShares
IYJ,iShares U.S. Industrials ETF,iShares,0.38,1969335372.97,Equity,United States North America,,0.703926192619262,US4642877546,iShares
LDEM,iShares ESG MSCI EM Leaders ETF,iShares,0.16,33484597.21,Equity,Broad Global,,2.934341123818995,US46436E6014,iShares
IYY,iShares Dow Jones U.S. ETF,iShares,0.2,3027643403.78,Equity,United States North America,,0.874648343208251,US4642878460,iShares
ITB,iShares U.S. Home Construction ETF,iShares,0.37,2329286443.05,Equity,United States North America,,0.615042571510571,US4642887529,iShares
IHE,iShares U.S. Pharmaceuticals ETF,iShares,0.37,1671258069.06,Equity,United States North America,,1.479564159448059,US4642888360,iShares
IEZ,iShares U.S. Oil Equipment & Services ETF,iShares,0.37,359273844.73,Equity,United States North America,,1.279602526002972,US4642888444,iShares
IEO,iShares U.S. Oil & Gas Exploration & Production ETF,iShares,0.37,539508431.58,Equity,United States North America,,2.122833727918412,US4642888519,iShares
IHI,iShares U.S. Medical Devices ETF,iShares,0.37,3352985413.15,Equity,United States North America,,0.489864553517204,US4642888105,iShares
IYZ,iShares U.S. Telecommunications ETF,iShares,0.37,1228521320.58,Equity,United States North America,,1.659142654700047,US4642877132,iShares
IYW,iShares U.S. Technology ETF,iShares,0.38,25213913907.68,Equity,United States North America,,0.101669043657396,US4642877215,iShares
CNYA,iShares MSCI China A ETF,iShares,0.6,203792908.1,Equity,China Asia Pacific,,1.67985081750619,US46434V5140,iShares
IAT,iShares U.S. Regional Banks ETF,iShares,0.37,684770843.96,Equity,United States North America,,2.600811594143233,US4642887784,iShares
IBMV,iShares® iBonds® Dec 2033 Term Muni Bond ETF,iShares,0.1,9994786.97,Fixed Income,United States North America,,,US46438G1904,iShares
IYR,iShares U.S. Real Estate ETF,iShares,0.37,4526556271.15,Real Estate,United States North America,,2.212933294209702,US4642877397,iShares
EMHY,iShares J.P. Morgan EM High Yield Bond ETF,iShares,0.5,625086386.59,Fixed Income,Broad Global,,6.5075,US4642862852,iShares
DVYE,iShares Emerging Markets Dividend ETF,iShares,0.5,1217094970.87,Equity,Broad Global,,4.997649217778923,US4642863199,iShares
CEMB,iShares J.P. Morgan EM Corporate Bond ETF,iShares,0.5,410496273.22,Fixed Income,Broad Global,,5.2386,US4642862514,iShares
IDU,iShares U.S. Utilities ETF,iShares,0.38,1450599754.34,Equity,United States North America,,2.192935739820386,US4642876977,iShares
BIDD,iShares International Dividend Active ETF,iShares,0.59,418497831.47,Equity,Broad Global,,2.1234,US09290C8486,iShares
LEMB,iShares J.P. Morgan EM Local Currency Bond ETF,iShares,0.3,719473295.58,Fixed Income,Broad Global,,2.3755,US4642865178,iShares
FLOT,iShares Floating Rate Bond ETF,iShares,0.15,10408289467.21,Fixed Income,United States North America,,4.4134,US46429B6552,iShares
WFSPX,iShares S&P 500 Index Fund,iShares,0.03,21492549028.39,Equity,United States North America,,,US0669222046,iShares
IVLU,iShares MSCI Intl Value Factor ETF,iShares,0.31,4503836764.81,Equity,Broad Global,,3.34717469124219,US46435G4091,iShares
IEUS,iShares MSCI Europe Small-Cap ETF,iShares,0.41,183402053.84,Equity,Broad Europe,,3.26017199017199,US4642884971,iShares
MMAX,iShares Large Cap Max Buffer Mar ETF,iShares,0.5,73111330.67,Equity,United States North America,,0.76,US46438G4551,iShares
FXI,iShares China Large-Cap ETF,iShares,0.73,4297838840.37,Equity,China Asia Pacific,,2.138732861514864,US4642871846,iShares
REM,iShares Mortgage Real Estate ETF,iShares,0.48,538078110.5,Real Estate,United States North America,,8.79,US46435G3424,iShares
ARTY,iShares Future AI & Tech ETF,iShares,0.47,3779620541.64,Equity,Broad Global,,0.057076154149678,US46435U5561,iShares
IFGL,iShares International Developed Real Estate ETF,iShares,0.48,83097387.55,Real Estate,Broad Global,,4.12609681911653,US4642884898,iShares
IBTL,iShares® iBonds® Dec 2031 Term Treasury ETF,iShares,0.07,655622900.82,Fixed Income,United States North America,,3.94574,US46436E4605,iShares
IBHG,iShares® iBonds® 2027 Term High Yield and Income ETF,iShares,0.35,513101210.6,Fixed Income,United States North America,,6.0117,US46436E4787,iShares
REZ,iShares Residential and Multisector Real Estate ETF,iShares,0.48,874688805.06,Real Estate,United States North America,,1.99,US4642885622,iShares
BYLD,iShares Yield Optimized Bond ETF,iShares,0.13,442531169.55,Fixed Income,United States North America,,5.861604,US46434V7872,iShares
USRT,iShares Core U.S. REIT ETF,iShares,0.08,4670888967.16,Real Estate,United States North America,,2.57,US4642885218,iShares
GHYG,iShares US & Intl High Yield Corp Bond ETF,iShares,0.4,197886529.21,Fixed Income,Broad Global,,6.2478,US4642861789,iShares
EUHY,iShares Euro High Yield Corporate Bond USD Hedged ETF,iShares,0.35,244806379.95,Fixed Income,Broad Global,,6.1944,US4642862100,iShares
IGBH,iShares Interest Rate Hedged Long-Term Corporate Bond ETF,iShares,0.14,225526890.34,Fixed Income,United States North America,,6.0051,US46431W8120,iShares
SMMV,iShares MSCI USA Small-Cap Min Vol Factor ETF,iShares,0.2,291018362.14,Equity,United States North America,,1.688262,US46435G4331,iShares
HDV,iShares Core High Dividend ETF,iShares,0.08,14866497667.91,Equity,United States North America,,2.9,US46429B6636,iShares
IAU,iShares Gold Trust,iShares,0.25,62076225223.18,Commodity,Broad Global,,,US4642852044,iShares
LQD,iShares iBoxx $ Investment Grade Corporate Bond ETF,iShares,0.14,32702579290.16,Fixed Income,United States North America,,4.6461,US4642872422,iShares
HYG,iShares iBoxx $ High Yield Corporate Bond ETF,iShares,0.49,17690964508.14,Fixed Income,United States North America,,5.9026,US4642885135,iShares
TEXN,iShares Texas Equity ETF,iShares,0.2,16687232.76,Equity,United States North America,,1.394141538461539,US46438G3314,iShares
ERET,iShares Environmentally Aware Real Estate ETF,iShares,0.3,14179470.9,Real Estate,Broad Global,,3.31271436932408,US46436E2708,iShares
IBLC,iShares Blockchain and Tech ETF,iShares,0.47,81042613.14,Equity,Broad Global,,1.136134025530219,US46436E3615,iShares
SECU,iShares Securitized Income Active ETF,iShares,0.4,909652806.71,Fixed Income,Broad Global,,,US0925288195,iShares
EMB,iShares J.P. Morgan USD Emerging Markets Bond ETF,iShares,0.39,14872721137.38,Fixed Income,Broad Global,,5.136,US4642882819,iShares
ILCB,iShares Morningstar U.S. Equity ETF,iShares,0.03,1312107891.4,Equity,United States North America,,0.98,US4642871275,iShares
IMCG,iShares Morningstar Mid-Cap Growth ETF,iShares,0.06,4085556294.83,Equity,United States North America,,0.606352,US4642883072,iShares
IMCB,iShares Morningstar Mid-Cap ETF,iShares,0.04,1695610810.54,Equity,United States North America,,1.216774,US4642882082,iShares
ILCV,iShares Morningstar Value ETF,iShares,0.04,1345137280.09,Equity,United States North America,,1.62,US4642881092,iShares
ILCG,iShares Morningstar Growth ETF,iShares,0.04,3258313865.64,Equity,United States North America,,0.407916,US4642871192,iShares
ISCG,iShares Morningstar Small-Cap Growth ETF,iShares,0.06,1005823784.19,Equity,United States North America,,0.567453,US4642886042,iShares
ISCB,iShares Morningstar Small-Cap ETF,iShares,0.04,290303831.29,Equity,United States North America,,1.26,US4642885051,iShares
IYLD,iShares Morningstar Multi-Asset Income ETF,iShares,0.5,125809007.3,Multi Asset,Broad Global,,4.60500677200903,US46432F8757,iShares
IMCV,iShares Morningstar Mid-Cap Value ETF,iShares,0.06,1152479188.4,Equity,United States North America,,1.89,US4642884062,iShares
IBDX,iShares® iBonds® Dec 2032 Term Corporate ETF,iShares,0.1,1733737919.33,Fixed Income,United States North America,,4.840031,US46436E3128,iShares
ISCV,iShares Morningstar Small-Cap Value ETF,iShares,0.06,706341147.59,Equity,United States North America,,1.854705,US4642887032,iShares
ACWX,iShares MSCI ACWI ex U.S. ETF,iShares,0.32,11733548722.26,Equity,Broad Global,,2.492781094906106,US4642882405,iShares
COMT,iShares GSCI Commodity Dynamic Roll Strategy ETF,iShares,0.48,1171996538.54,Commodity,Broad Global,,6.3621,US46431W8534,iShares
BINC,iShares Flexible Income Active ETF,iShares,0.4,16192855981.16,Fixed Income,Broad Global,,5.5952,US0925286033,iShares
SVAL,iShares US Small Cap Value Factor ETF,iShares,0.2,209105999.23,Equity,United States North America,,2.086396935599713,US46436E5362,iShares
AAXJ,iShares MSCI All Country Asia ex Japan ETF,iShares,0.72,3781680702.53,Equity,Broad Asia Pacific,,1.283565019476597,US4642881829,iShares
ACWI,iShares MSCI ACWI ETF,iShares,0.32,33190355716.44,Equity,Broad Global,,1.428897094911224,US4642882579,iShares
BILT,iShares Infrastructure Active ETF,iShares,0.6,113348853.7,Equity,Broad Global,,,US09290C6738,iShares
EWA,iShares MSCI Australia ETF,iShares,0.5,1475503981.02,Equity,Australia Asia Pacific,,3.010947480482612,US4642861037,iShares
EPU,iShares MSCI Peru and Global Exposure ETF,iShares,0.59,551835751.93,Equity,Broad Latin America,,2.035490336435219,US4642898427,iShares
ACWV,iShares MSCI Global Min Vol Factor ETF,iShares,0.2,3345941675.21,Equity,Broad Global,,1.962476340694006,US4642865251,iShares
USXF,iShares ESG Advanced MSCI USA ETF,iShares,0.1,1495944912.88,Equity,United States North America,,0.791823321920197,US46436E7673,iShares
EWK,iShares MSCI Belgium ETF,iShares,0.49,165666383.81,Equity,Belgium Europe,,1.824607407407407,US4642863017,iShares
EWO,iShares MSCI Austria ETF,iShares,0.49,184202080.84,Equity,Austria Europe,,1.990543559828649,US4642862027,iShares
EWC,iShares MSCI Canada ETF,iShares,0.5,6404475806.57,Equity,Canada North America,,1.299907940827695,US4642865095,iShares
BKF,iShares MSCI BIC ETF,iShares,0.72,78580771.14,Equity,Broad Global,,1.62802245616505,US4642866572,iShares
DMXF,iShares ESG Advanced MSCI EAFE ETF,iShares,0.12,954644930.06,Equity,Broad Global,,4.155083970290598,US46436E7590,iShares
EWZS,iShares MSCI Brazil Small-Cap ETF,iShares,0.59,226223086.07,Equity,Brazil Latin America,,3.911386417151295,US4642891315,iShares
BIDPX,iShares Municipal Bond Index Fund,iShares,0.5,150555880.3,Fixed Income,United States North America,,,US0669232102,iShares
EWZ,iShares MSCI Brazil ETF,iShares,0.59,9155601790.74,Equity,Brazil Latin America,,4.242402793794204,US4642864007,iShares
HYBL,State Street® Blackstone High Income ETF,SPDR,0.7,573310000.0,Fixed Income,,Bloomberg U.S. Aggregate Bond Index,7.04,US78470P8462,SPDR
SRLN,State Street® Blackstone Senior Loan ETF,SPDR,0.7,5312110000.0,Fixed Income,,Morningstar LSTA U.S. Leveraged Loan Index,7.33,US78467V6083,SPDR
ALLW,State Street® Bridgewater® All Weather® ETF,SPDR,0.85,1631700000.0,Multi-Asset,,MSCI ACWI IMI,2.92,US78470P6300,SPDR
XLC,State Street® Communication Services Select Sector SPDR® ETF,SPDR,0.08,22511970000.0,Equity,,Communication Services Select Sector Index,1.28,US81369Y8527,SPDR
XLCI,State Street® Communication Services Select Sector SPDR® Premium Income ETF,SPDR,0.35,2370000.0,Equity,,S&P 500 Index,12.36,US81369Y8378,SPDR
XLY,State Street® Consumer Discretionary Select Sector SPDR® ETF,SPDR,0.08,23345720000.0,Equity,,Consumer Discretionary Select Sector Index,0.76,US81369Y4070,SPDR
XLYI,State Street® Consumer Discretionary Select Sector SPDR® Premium Income ETF,SPDR,0.35,2060000.0,Equity,,S&P 500 Index,15.73,US81369Y7388,SPDR
XLP,State Street® Consumer Staples Select Sector SPDR® ETF,SPDR,0.08,14701190000.0,Equity,,Consumer Staples Select Sector Index,2.57,US81369Y3080,SPDR
XLSI,State Street® Consumer Staples Select Sector SPDR® Premium Income ETF,SPDR,0.35,6330000.0,Equity,,S&P 500 Index,12.79,US81369Y7792,SPDR
STOT,State Street® DoubleLine® Short Duration Total Return Tactical ETF,SPDR,0.45,505870000.0,Fixed Income,,Bloomberg U.S. Aggregate 1-3 Year Index,4.45,US78470P2002,SPDR
TOTL,State Street® DoubleLine® Total Return Tactical ETF,SPDR,0.55,4004060000.0,Fixed Income,,Bloomberg U.S. Aggregate Bond Index,5.35,US78467V8485,SPDR
XLE,State Street® Energy Select Sector SPDR® ETF,SPDR,0.08,38454430000.0,Equity,,Energy Select Sector Index,2.59,US81369Y5069,SPDR
XLEI,State Street® Energy Select Sector SPDR® Premium Income ETF,SPDR,0.35,49600000.0,Equity,,S&P 500 Index,20.34,US81369Y8295,SPDR
XLF,State Street® Financial Select Sector SPDR® ETF,SPDR,0.08,59146540000.0,Equity,,Financial Select Sector Index,1.4,US81369Y6059,SPDR
XLFI,State Street® Financial Select Sector SPDR® Premium Income ETF,SPDR,0.35,8010000.0,Equity,,S&P 500 Index,12.09,US81369Y8113,SPDR
FISR,State Street® Fixed Income Sector Rotation ETF,SPDR,0.5,495230000.0,Fixed Income,,Bloomberg U.S. Aggregate Bond Index,4.24,US78470P5070,SPDR
DECO,State Street® Galaxy Digital Asset Ecosystem ETF,SPDR,0.65,21540000.0,Equity,,MSCI ACWI,0.68,US78470P6557,SPDR
HECO,State Street® Galaxy Hedged Digital Asset Ecosystem ETF,SPDR,0.9,85670000.0,Equity,,MSCI ACWI,0.0,US78470P6482,SPDR
TEKX,State Street® Galaxy Transformative Tech Accelerators ETF,SPDR,0.65,16800000.0,Equity,,MSCI ACWI,0.21,US78470P6631,SPDR
GAL,State Street® Global Allocation ETF,SPDR,0.35,313960000.0,Multi-Asset,,MSCI ACWI IMI Index,2.71,US78467V4005,SPDR
XLV,State Street® Health Care Select Sector SPDR® ETF,SPDR,0.08,41870390000.0,Equity,,Health Care Select Sector Index,1.56,US81369Y2090,SPDR
XLVI,State Street® Health Care Select Sector SPDR® Premium Income ETF,SPDR,0.35,22050000.0,Equity,,S&P 500 Index,12.78,US81369Y7461,SPDR
PRAB,State Street® IG Public & Private ABS ETF,SPDR,0.39,24810000.0,Fixed Income,,ICE BofA US Fixed Rate Asset Backed Securities Index,,US78470P5237,SPDR
PRIV,State Street® IG Public & Private Credit ETF,SPDR,0.55,836220000.0,Fixed Income,,Bloomberg US Aggregate Bond Index,4.56,US78470P6227,SPDR
INKM,State Street® Income Allocation ETF,SPDR,0.5,75450000.0,Multi-Asset,,MSCI World Index,4.73,US78467V2025,SPDR
XLI,State Street® Industrial Select Sector SPDR® ETF,SPDR,0.08,34212530000.0,Equity,,Industrial Select Sector Index,1.1,US81369Y7040,SPDR
XLII,State Street® Industrial Select Sector SPDR® Premium Income ETF,SPDR,0.35,11040000.0,Equity,,S&P 500 Index,13.06,US81369Y7958,SPDR
OBND,State Street® Loomis Sayles Opportunistic Bond ETF,SPDR,0.55,57220000.0,Fixed Income,,Bloomberg U.S. Aggregate Bond Index,6.41,US78470P8041,SPDR
XLB,State Street® Materials Select Sector SPDR® ETF,SPDR,0.08,8401959999.999999,Equity,,Materials Select Sector Index,1.63,US81369Y1001,SPDR
XLBI,State Street® Materials Select Sector SPDR® Premium Income ETF,SPDR,0.35,7920000.0,Equity,,S&P 500 Index,15.67,US81369Y8451,SPDR
RLY,State Street® Multi-Asset Real Return ETF,SPDR,0.5,1279590000.0,Multi-Asset,,Bloomberg U.S. Government Inflation-Linked Bond Index,3.07,US78467V1035,SPDR
MYCF,State Street® My2026 Corporate Bond ETF,SPDR,0.15,47480000.0,Fixed Income,,ICE 2026 Maturity US Corporate Index,4.36,US78470P8207,SPDR
MYMF,State Street® My2026 Municipal Bond ETF,SPDR,0.2,8720000.0,Fixed Income,,ICE 2026 Maturity US Broad Municipal Index,2.49,US78470P7217,SPDR
MYCG,State Street® My2027 Corporate Bond ETF,SPDR,0.15,37340000.0,Fixed Income,,ICE 2027 Maturity US Corporate Index,4.29,US78470P8124,SPDR
MYMG,State Street® My2027 Municipal Bond ETF,SPDR,0.2,8620000.0,Fixed Income,,ICE 2027 Maturity US Broad Municipal Index,2.83,US78470P7134,SPDR
MYCH,State Street® My2028 Corporate Bond ETF,SPDR,0.15,733960000.0,Fixed Income,,ICE 2028 Maturity US Corporate Index,4.34,US78470P7969,SPDR
MYMH,State Street® My2028 Municipal Bond ETF,SPDR,0.2,7360000.0,Fixed Income,,ICE 2028 Maturity US Broad Municipal Index,2.85,US78470P6979,SPDR
MYCI,State Street® My2029 Corporate Bond ETF,SPDR,0.15,35720000.0,Fixed Income,,ICE 2029 Maturity US Corporate Index,4.55,US78470P7886,SPDR
MYMI,State Street® My2029 Municipal Bond ETF,SPDR,0.2,14690000.0,Fixed Income,,ICE 2029 Maturity US Broad Municipal Index,2.84,US78470P6896,SPDR
MYCJ,State Street® My2030 Corporate Bond ETF,SPDR,0.15,46490000.0,Fixed Income,,ICE 2030 Maturity US Corporate Index,4.61,US78470P7704,SPDR
MYHD,State Street® My2030 High Yield Corporate Bond ETF,SPDR,0.39,4980000.0,Fixed Income,,ICE 2030 Maturity US High Yield Index,,US78470P5492,SPDR
MYMJ,State Street® My2030 Municipal Bond ETF,SPDR,0.2,12290000.0,Fixed Income,,ICE 2030 Maturity US Broad Municipal Index,2.96,US78470P6714,SPDR
MYCK,State Street® My2031 Corporate Bond ETF,SPDR,0.15,25800000.0,Fixed Income,,ICE 2031 Maturity US Corporate Index,4.56,US78470P7621,SPDR
MYHE,State Street® My2031 High Yield Corporate Bond ETF,SPDR,0.39,4960000.0,Fixed Income,,ICE 2031 Maturity US High Yield Index,,US78470P5310,SPDR
MYMK,State Street® My2031 Municipal Bond ETF,SPDR,0.2,11150000.0,Fixed Income,,ICE 2031 Maturity US Broad Municipal Index,,US78470P5989,SPDR
MYCL,State Street® My2032 Corporate Bond ETF,SPDR,0.15,12210000.0,Fixed Income,,ICE 2032 Maturity US Corporate Index,4.68,US78470P7548,SPDR
MYCM,State Street® My2033 Corporate Bond ETF,SPDR,0.15,8510000.0,Fixed Income,,ICE 2033 Maturity US Corporate Index,4.79,US78470P7472,SPDR
MYCN,State Street® My2034 Corporate Bond ETF,SPDR,0.15,8450000.0,Fixed Income,,ICE 2034 Maturity US Corporate Index,5.05,US78470P7399,SPDR
MYCO,State Street® My2035 Corporate Bond ETF,SPDR,0.15,7220000.0,Fixed Income,,ICE 2035 Maturity US Corporate Index,,US78470P6144,SPDR
MBND,State Street® Nuveen Municipal Bond ETF,SPDR,0.4,26990000.0,Fixed Income,,Bloomberg 3-15 Year Blend (2-17) Municipal Bond Index,3.5,US78470P7050,SPDR
MMK,State Street® Prime Money Market ETF,SPDR,0.18,28010000.0,Cash,,ICE BofA SOFR Overnight Rate Index,,US85749T2859,SPDR
XLRE,State Street® Real Estate Select Sector SPDR® ETF,SPDR,0.08,8670370000.0,Equity,,Real Estate Select Sector Index,3.11,US81369Y8600,SPDR
XLRI,State Street® Real Estate Select Sector SPDR® Premium Income ETF,SPDR,0.35,3090000.0,Equity,,S&P 500 Index,14.32,US81369Y7610,SPDR
PRSD,State Street® Short Duration IG Public & Private Credit ETF,SPDR,0.45,113360000.0,Fixed Income,,Bloomberg US Aggregate 1-3 Year Bond Index,,US78470P5807,SPDR
TIPX,State Street® SPDR® Bloomberg 1-10 Year TIPS ETF,SPDR,0.15,1993870000.0,Fixed Income,,Bloomberg 1-10 Year U.S. Government Inflation-Linked Bond Index,5.64,US78468R8613,SPDR
BIL,State Street® SPDR® Bloomberg 1-3 Month T-Bill ETF,SPDR,0.1353,47081380000.0,Fixed Income,,Bloomberg 1-3 Month U.S. Treasury Bill Index,3.77,US78468R6633,SPDR
BILS,State Street® SPDR® Bloomberg 3-12 Month T-Bill ETF,SPDR,0.1354,3892010000.0,Fixed Income,,Bloomberg 3-12 Month U.S. Treasury Bill Index,3.73,US78468R5239,SPDR
CWB,State Street® SPDR® Bloomberg Convertible Securities ETF,SPDR,0.4,5786310000.0,Fixed Income,,Bloomberg U.S. Convertible Liquid Bond Index,1.49,US78464A3591,SPDR
EBND,State Street® SPDR® Bloomberg Emerging Markets Local Bond ETF,SPDR,0.3,2260790000.0,Fixed Income,,Bloomberg EM Local Currency Government Diversified Index,5.89,US78464A3914,SPDR
EMHC,State Street® SPDR® Bloomberg Emerging Markets USD Bond ETF,SPDR,0.23,289250000.0,Fixed Income,,Bloomberg Emerging Market USD Sovereign and Sovereign Owned Index,6.17,US78468R5155,SPDR
CERY,State Street® SPDR® Bloomberg Enhanced Roll Yield Commodity Strategy No K-1 ETF,SPDR,0.28,985230000.0,Alternative,,Bloomberg Enhanced Roll Yield Total Return Index,4.05,US78468R4406,SPDR
JNK,State Street® SPDR® Bloomberg High Yield Bond ETF,SPDR,0.4,7098840000.0,Fixed Income,,Bloomberg High Yield Very Liquid Index,6.63,US78468R6229,SPDR
IBND,State Street® SPDR® Bloomberg International Corporate Bond ETF,SPDR,0.5,460510000.0,Fixed Income,,Bloomberg Global Aggregate ex-USD >$1B: Corporate Bond Index,2.79,US78464A1512,SPDR
BWX,State Street® SPDR® Bloomberg International Treasury Bond ETF,SPDR,0.35,1306730000.0,Fixed Income,,Bloomberg Global Treasury ex-US Capped Index,2.39,US78464A5166,SPDR
FLRN,State Street® SPDR® Bloomberg Investment Grade Floating Rate ETF,SPDR,0.15,3052010000.0,Fixed Income,,Bloomberg U.S. Dollar Floating Rate Note < 5 Years Index,4.39,US78468R2004,SPDR
SJNK,State Street® SPDR® Bloomberg Short Term High Yield Bond ETF,SPDR,0.4,4748470000.0,Fixed Income,,Bloomberg US High Yield 350mn Cash Pay 0-5 Yr 2% Capped Index,7.01,US78468R4083,SPDR
BWZ,State Street® SPDR® Bloomberg Short Term International Treasury Bond ETF,SPDR,0.35,287270000.0,Fixed Income,,Bloomberg 1-3 Year Global Treasury ex-US Capped Index,2.09,US78464A3344,SPDR
DIA,State Street® SPDR® Dow Jones Industrial Average® ETF Trust,SPDR,0.16,47584510000.0,Equity,,Dow Jones Industrial Average®,1.33,US78467X1090,SPDR
RWO,State Street® SPDR® Dow Jones® Global Real Estate ETF,SPDR,0.5,1300450000.0,Alternative,,Dow Jones® Global Select Real Estate Securities IndexSM,3.15,US78463X7497,SPDR
RWX,State Street® SPDR® Dow Jones® International Real Estate ETF,SPDR,0.59,268760000.0,Alternative,,Dow Jones Global ex-U.S. Select Real Estate Securities Index,3.83,US78463X8636,SPDR
RWR,State Street® SPDR® Dow Jones® REIT ETF,SPDR,0.25,1922230000.0,Alternative,,Dow Jones U.S. Select REIT Capped Index,3.29,US78464A6073,SPDR
FEZ,State Street® SPDR® EURO STOXX 50® ETF,SPDR,0.29,4498250000.0,Equity,,EURO STOXX 50 Index,2.5,US78463X2027,SPDR
XITK,State Street® SPDR® FactSet Innovative Technology ETF,SPDR,0.45,67520000.0,Equity,,FactSet Innovative Technology Index,0.0,US78464A1108,SPDR
WIP,State Street® SPDR® FTSE International Government Inflation-Protected Bond ETF,SPDR,0.5,471730000.0,Fixed Income,,FTSE International Inflation-Linked Securities Select Index,6.08,US78464A4904,SPDR
DGT,State Street® SPDR® Global Dow ETF,SPDR,0.5,624330000.0,Equity,,The Global Dow,2.43,US78464A7063,SPDR
PSK,State Street® SPDR® ICE Preferred Securities ETF,SPDR,0.45,690210000.0,Equity,,ICE Exchange-Listed Fixed & Adjustable Rate Preferred Securities Index,7.17,US78464A2924,SPDR
NZAC,State Street® SPDR® MSCI ACWI Climate Paris Aligned ETF,SPDR,0.12,197040000.0,Equity,,MSCI ACWI Climate Paris Aligned Index,2.01,US78463X1946,SPDR
CWI,State Street® SPDR® MSCI ACWI ex-US ETF,SPDR,0.3,2815580000.0,Equity,,MSCI ACWI ex USA Index,2.68,US78463X8487,SPDR
EFAX,State Street® SPDR® MSCI EAFE Fossil Fuel Reserves Free ETF,SPDR,0.2,509640000.0,Equity,,MSCI EAFE ex Fossil Fuels Index,3.08,US78470E1064,SPDR
QEFA,State Street® SPDR® MSCI EAFE StrategicFactors℠ ETF,SPDR,0.3,1064890000.0000001,Equity,,MSCI EAFE Factor Mix A-Series Index,2.74,US78463X4346,SPDR
EEMX,State Street® SPDR® MSCI Emerging Markets Fossil Fuel Reserves Free ETF,SPDR,0.3,173650000.0,Equity,,MSCI Emerging Markets ex Fossil Fuels Index,1.88,US78470E2054,SPDR
QEMM,State Street® SPDR® MSCI Emerging Markets StrategicFactors℠ ETF,SPDR,0.3,58920000.0,Equity,,MSCI Emerging Markets Factor Mix A-Series Index,4.49,US78463X4262,SPDR
SHE,State Street® SPDR® MSCI USA Gender Diversity ETF,SPDR,0.2,333780000.0,Equity,,MSCI USA Gender Diversity Select Index,1.05,US78468R7474,SPDR
QUS,State Street® SPDR® MSCI USA StrategicFactors℠ ETF,SPDR,0.15,1570260000.0,Equity,,MSCI USA Factor Mix A-Series Capped Index,1.25,US78468R8126,SPDR
QWLD,State Street® SPDR® MSCI World StrategicFactors℠ ETF,SPDR,0.3,177470000.0,Equity,,MSCI World Factor Mix A-Series Index,1.76,US78463X4189,SPDR
HYMB,State Street® SPDR® Nuveen ICE High Yield Municipal Bond ETF,SPDR,0.35,3301750000.0,Fixed Income,,ICE US Select High Yield Crossover Municipal Index,4.62,US78464A2841,SPDR
TFI,State Street® SPDR® Nuveen ICE Municipal Bond ETF,SPDR,0.23,3139620000.0,Fixed Income,,ICE 1+ Year AMT-Free Broad Municipal Index,3.58,US78468R7219,SPDR
SHM,State Street® SPDR® Nuveen ICE Short Term Municipal Bond ETF,SPDR,0.2,3463180000.0,Fixed Income,,ICE 1-5 Year AMT-Free Broad Municipal Index,2.69,US78468R7391,SPDR
XNTK,State Street® SPDR® NYSE Technology ETF,SPDR,0.35,2221830000.0,Equity,,NYSE Technology Index,0.15,US78464A1025,SPDR
SPAB,State Street® SPDR® Portfolio Aggregate Bond ETF,SPDR,0.03,9943930000.0,Fixed Income,,Bloomberg U.S. Aggregate Bond Index,4.11,US78464A6495,SPDR
SPBO,State Street® SPDR® Portfolio Corporate Bond ETF,SPDR,0.03,2096480000.0,Fixed Income,,Bloomberg U.S. Corporate Bond Index,5.18,US78464A1447,SPDR
SPDW,State Street® SPDR® Portfolio Developed World ex-US ETF,SPDR,0.03,40894440000.0,Equity,,S&P Developed Ex-U.S. BMI Index,2.99,US78463X8891,SPDR
SPEM,State Street® SPDR® Portfolio Emerging Markets ETF,SPDR,0.07,17419500000.0,Equity,,S&P Emerging BMI Index,2.52,US78463X5095,SPDR
SPEU,State Street® SPDR® Portfolio Europe ETF,SPDR,0.07,737500000.0,Equity,,STOXX Europe Total Market Index,3.33,US78463X1037,SPDR
SPHY,State Street® SPDR® Portfolio High Yield Bond ETF,SPDR,0.05,11956990000.0,Fixed Income,,ICE BofA US High Yield Index,7.22,US78468R6062,SPDR
SPIB,State Street® SPDR® Portfolio Intermediate Term Corporate Bond ETF,SPDR,0.04,11733970000.0,Fixed Income,,Bloomberg U.S. Intermediate Corporate Bond Index,4.49,US78464A3757,SPDR
SPTI,State Street® SPDR® Portfolio Intermediate Term Treasury ETF,SPDR,0.03,10568170000.0,Fixed Income,,Bloomberg 3-10 Year U.S. Treasury Index,3.89,US78464A6727,SPDR
SPLB,State Street® SPDR® Portfolio Long Term Corporate Bond ETF,SPDR,0.04,1185180000.0,Fixed Income,,Bloomberg U.S. Long Term Corporate Bond Index,5.57,US78464A3674,SPDR
SPTL,State Street® SPDR® Portfolio Long Term Treasury ETF,SPDR,0.03,10811370000.0,Fixed Income,,Bloomberg Long U.S. Treasury Index,4.32,US78464A6644,SPDR
SPMB,State Street® SPDR® Portfolio Mortgage Backed Bond ETF,SPDR,0.04,7025650000.0,Fixed Income,,Bloomberg U.S. MBS Index,4.15,US78464A3831,SPDR
SPGM,State Street® SPDR® Portfolio MSCI Global Stock Market ETF,SPDR,0.09,1743020000.0,Equity,,MSCI ACWI IMI Index,1.76,US78463X4759,SPDR
QNDX,State Street® SPDR® Portfolio Nasdaq® 100 ETF,SPDR,0.1,161660000.0,Equity,,Nasdaq-100 Index®,,US78468R3903,SPDR
SPTM,State Street® SPDR® Portfolio S&P 1500® Composite Stock Market ETF,SPDR,0.03,14010690000.0,Equity,,S&P Composite 1500 Index,1.03,US78464A8053,SPDR
SPMD,State Street® SPDR® Portfolio S&P 400™ Mid Cap ETF,SPDR,0.03,18790270000.0,Equity,,S&P MidCap 400 Index,1.19,US78464A8475,SPDR
SPYM,State Street® SPDR® Portfolio S&P 500® ETF,SPDR,0.02,167534350000.0,Equity,,S&P 500 Index,1.0,US78464A8541,SPDR
SPYG,State Street® SPDR® Portfolio S&P 500® Growth ETF,SPDR,0.04,54682690000.0,Equity,,S&P 500 Growth Index,0.47,US78464A4094,SPDR
SPYD,State Street® SPDR® Portfolio S&P 500® High Dividend ETF,SPDR,0.07,7716500000.0,Equity,,S&P 500 High Dividend Index,4.05,US78468R7888,SPDR
SPYV,State Street® SPDR® Portfolio S&P 500® Value ETF,SPDR,0.04,36815230000.0,Equity,,S&P 500 Value Index,1.66,US78464A5083,SPDR
SPSM,State Street® SPDR® Portfolio S&P 600™ Small Cap ETF,SPDR,0.03,17611740000.0,Equity,,S&P SmallCap 600 Index,1.34,US78468R8530,SPDR
SPDG,State Street® SPDR® Portfolio S&P Sector Neutral Dividend ETF,SPDR,0.05,12740000.0,Equity,,S&P Sector-Neutral High Yield Dividend Aristocrats Index,2.65,US78468R4653,SPDR
SPSB,State Street® SPDR® Portfolio Short Term Corporate Bond ETF,SPDR,0.04,10758820000.0,Fixed Income,,Bloomberg U.S. 1-3 Year Corporate Bond Index,4.36,US78464A4748,SPDR
SPTS,State Street® SPDR® Portfolio Short Term Treasury ETF,SPDR,0.03,6116580000.0,Fixed Income,,Bloomberg 1-3 Year U.S. Treasury Index,3.87,US78468R1014,SPDR
SPIP,State Street® SPDR® Portfolio TIPS ETF,SPDR,0.12,1003110000.0,Fixed Income,,Bloomberg U.S. Government Inflation-Linked Bond Index,5.98,US78464A6560,SPDR
SPTB,State Street® SPDR® Portfolio Treasury ETF,SPDR,0.03,296600000.0,Fixed Income,,Bloomberg US Treasury Index,4.19,US78468R4570,SPDR
SPTU,State Street® SPDR® Portfolio Ultra Short T-Bill ETF,SPDR,0.05,13760000.0,Fixed Income,,ICE BofA US Treasury Bill Index,,US78468R4323,SPDR
ONEV,State Street® SPDR® Russell 1000 Low Volatility Focus ETF,SPDR,0.2,306790000.0,Equity,,Russell 1000 Low Volatility Focused Factor Index,1.77,US78468R7540,SPDR
ONEO,State Street® SPDR® Russell 1000 Momentum Focus ETF,SPDR,0.2,29790000.0,Equity,,Russell 1000 Momentum Focused Factor Index,1.15,US78468R7623,SPDR
ONEY,State Street® SPDR® Russell 1000 Yield Focus ETF,SPDR,0.2,677800000.0,Equity,,Russell 1000 Yield Focused Factor Index,2.74,US78468R7706,SPDR
MDYG,State Street® SPDR® S&P 400™ Mid Cap Growth ETF,SPDR,0.15,2899400000.0,Equity,,S&P MidCap 400 Growth Index,0.57,US78464A8210,SPDR
MDYV,State Street® SPDR® S&P 400™ Mid Cap Value ETF,SPDR,0.15,2891640000.0,Equity,,S&P MidCap 400 Value Index,1.64,US78464A8392,SPDR
EFIV,State Street® SPDR® S&P 500® ESG ETF,SPDR,0.1,1030420000.0000001,Equity,,S&P 500 Scored & Screened Index,0.93,US78468R5312,SPDR
SPY,State Street® SPDR® S&P 500® ETF Trust,SPDR,0.0945,812049680000.0,Equity,,S&P 500 Index,0.98,US78462F1030,SPDR
SLYG,State Street® SPDR® S&P 600™ Small Cap Growth ETF,SPDR,0.15,5262040000.0,Equity,,S&P SmallCap 600 Growth Index,0.64,US78464A2015,SPDR
SLYV,State Street® SPDR® S&P 600™ Small Cap Value ETF,SPDR,0.15,5095210000.0,Equity,,S&P SmallCap 600 Value Index,1.77,US78464A3005,SPDR
EDIV,State Street® SPDR® S&P Emerging Markets Dividend ETF,SPDR,0.49,1222290000.0,Equity,,S&P Emerging Markets Dividend Opportunities Index,4.18,US78463X5335,SPDR
XCNY,State Street® SPDR® S&P Emerging Markets ex-China ETF,SPDR,0.19,9750000.0,Equity,,S&P Emerging Ex-China BMI,2.29,US78470E7004,SPDR
CNRG,State Street® SPDR® S&P Kensho Clean Power ETF,SPDR,0.45,213110000.0,Equity,,S&P Kensho Clean Power Index,1.25,US78468R6559,SPDR
ROKT,State Street® SPDR® S&P Kensho Final Frontiers ETF,SPDR,0.45,210890000.0,Equity,,S&P Kensho Final Frontiers Index,0.26,US78468R6302,SPDR
FITE,State Street® SPDR® S&P Kensho Future Security ETF,SPDR,0.45,153010000.0,Equity,,S&P Kensho Future Security Index,0.12,US78468R6716,SPDR
SIMS,State Street® SPDR® S&P Kensho Intelligent Structures ETF,SPDR,0.45,8840000.0,Equity,,S&P Kensho Intelligent Infrastructure Index,0.54,US78468R6971,SPDR
KOMP,State Street® SPDR® S&P Kensho New Economies Composite ETF,SPDR,0.2,2783850000.0,Equity,,S&P Kensho New Economies Composite Index,1.48,US78468R6484,SPDR
HAIL,State Street® SPDR® S&P Kensho Smart Mobility ETF,SPDR,0.45,19860000.0,Equity,,S&P Kensho Smart Transportation Index,1.66,US78468R6898,SPDR
MDY,State Street® SPDR® S&P MIDCAP 400® ETF Trust,SPDR,0.23,27068150000.0,Equity,,S&P MidCap 400 Index,,US78467Y1073,SPDR
MMTM,State Street® SPDR® S&P® 1500 Momentum Tilt ETF,SPDR,0.12,164070000.0,Equity,,S&P 1500 Positive Momentum Tilt Index,0.87,US78468R7052,SPDR
VLU,State Street® SPDR® S&P® 1500 Value Tilt ETF,SPDR,0.12,777480000.0,Equity,,S&P 1500 Low Valuation Tilt Index,1.56,US78464A1280,SPDR
SPYX,State Street® SPDR® S&P® 500 Fossil Fuel Reserves Free ETF,SPDR,0.2,2864800000.0,Equity,,S&P 500 Fossil Fuel Reserves Free Index,0.83,US78468R7961,SPDR
XAR,State Street® SPDR® S&P® Aerospace & Defense ETF,SPDR,0.35,6371050000.0,Equity,,S&P Aerospace & Defense Select Industry Index,0.29,US78464A6313,SPDR
KBE,State Street® SPDR® S&P® Bank ETF,SPDR,0.35,1735600000.0,Equity,,S&P Banks Select Industry Index,2.06,US78464A7972,SPDR
XBI,State Street® SPDR® S&P® Biotech ETF,SPDR,0.35,9964330000.0,Equity,,S&P Biotechnology Select Industry Index,0.38,US78464A8707,SPDR
KCE,State Street® SPDR® S&P® Capital Markets ETF,SPDR,0.35,471810000.0,Equity,,S&P Capital Markets Select Industry Index,1.62,US78464A7717,SPDR
GXC,State Street® SPDR® S&P® China ETF,SPDR,0.59,476050000.0,Equity,,S&P China BMI Index,2.17,US78463X4007,SPDR
SDY,State Street® SPDR® S&P® Dividend ETF,SPDR,0.35,22028740000.0,Equity,,S&P High Yield Dividend Aristocrats Index,2.37,US78464A7634,SPDR
GMF,State Street® SPDR® S&P® Emerging Asia Pacific ETF,SPDR,0.49,432100000.0,Equity,,S&P Emerging Asia Pacific BMI Index,1.2,US78463X3017,SPDR
EWX,State Street® SPDR® S&P® Emerging Markets Small Cap ETF,SPDR,0.65,675830000.0,Equity,,S&P Emerging Under USD2 Billion Index,2.65,US78463X7562,SPDR
WDIV,State Street® SPDR® S&P® Global Dividend ETF,SPDR,0.4,278460000.0,Equity,,S&P Global Dividend Aristocrats Index,4.08,US78463X4593,SPDR
GII,State Street® SPDR® S&P® Global Infrastructure ETF,SPDR,0.4,937980000.0,Alternative,,S&P Global Infrastructure Index,2.67,US78463X8552,SPDR
GNR,State Street® SPDR® S&P® Global Natural Resources ETF,SPDR,0.4,4810630000.0,Alternative,,S&P Global Natural Resources Index,2.51,US78463X5418,SPDR
XHE,State Street® SPDR® S&P® Health Care Equipment ETF,SPDR,0.35,167580000.0,Equity,,S&P Health Care Equipment Select Industry Index,0.05,US78464A5810,SPDR
XHS,State Street® SPDR® S&P® Health Care Services ETF,SPDR,0.35,204460000.0,Equity,,S&P Health Care Services Select Industry Index,0.2,US78464A5737,SPDR
XHB,State Street® SPDR® S&P® Homebuilders ETF,SPDR,0.35,1517140000.0,Equity,,S&P Homebuilders Select Industry Index,0.65,US78464A8889,SPDR
KIE,State Street® SPDR® S&P® Insurance ETF,SPDR,0.35,659930000.0,Equity,,S&P Insurance Select Industry Index,1.51,US78464A7899,SPDR
DWX,State Street® SPDR® S&P® International Dividend ETF,SPDR,0.45,528010000.0,Equity,,S&P International Dividend Opportunities Index,4.11,US78463X7729,SPDR
GWX,State Street® SPDR® S&P® International Small Cap ETF,SPDR,0.4,886420000.0,Equity,,S&P Developed Ex-U.S. Under USD2 Billion,2.7,US78463X8719,SPDR
LVLN,State Street® SPDR® S&P® Leveraged Loan ETF,SPDR,0.4,49220000.0,Fixed Income,,S&P USD Select Leveraged Loan Index,,US78468R4240,SPDR
XME,State Street® SPDR® S&P® Metals & Mining ETF,SPDR,0.35,4030660000.0,Equity,,S&P Metals & Mining Select Industry Index,0.35,US78464A7550,SPDR
NANR,State Street® SPDR® S&P® North American Natural Resources ETF,SPDR,0.35,767010000.0,Alternative,,S&P BMI North American Natural Resources Index,1.74,US78463X1524,SPDR
XES,State Street® SPDR® S&P® Oil & Gas Equipment & Services ETF,SPDR,0.35,366010000.0,Equity,,S&P Oil & Gas Equipment & Services Select Industry Index,1.14,US78468R5494,SPDR
XOP,State Street® SPDR® S&P® Oil & Gas Exploration & Production ETF,SPDR,0.35,3621700000.0,Equity,,S&P Oil & Gas Exploration & Production Select Industry Index,1.89,US78468R5569,SPDR
XPH,State Street® SPDR® S&P® Pharmaceuticals ETF,SPDR,0.35,501990000.0,Equity,,S&P Pharmaceuticals Select Industry Index,0.48,US78464A7220,SPDR
KRE,State Street® SPDR® S&P® Regional Banking ETF,SPDR,0.35,4453000000.0,Equity,,S&P Regional Banks Select Industry Index,2.06,US78464A6982,SPDR
XRT,State Street® SPDR® S&P® Retail ETF,SPDR,0.35,484730000.0,Equity,,S&P Retail Select Industry Index,0.73,US78464A7147,SPDR
XSD,State Street® SPDR® S&P® Semiconductor ETF,SPDR,0.35,2907170000.0,Equity,,S&P Semiconductor Select Industry Index,0.15,US78464A8624,SPDR
XSW,State Street® SPDR® S&P® Software & Services ETF,SPDR,0.35,481600000.0,Equity,,S&P Software & Services Select Industry Index,0.0,US78464A5992,SPDR
XTL,State Street® SPDR® S&P® Telecom ETF,SPDR,0.35,549500000.0,Equity,,S&P Telecom Select Industry Index,1.2,US78464A5406,SPDR
XTN,State Street® SPDR® S&P® Transportation ETF,SPDR,0.35,406110000.0,Equity,,S&P Transportation Select Industry Index,0.64,US78464A5323,SPDR
LGLV,State Street® SPDR® US Large Cap Low Volatility Index ETF,SPDR,0.12,1224320000.0,Equity,,State Street® US Large Cap Low Volatility Index,1.98,US78468R8043,SPDR
SMLV,State Street® SPDR® US Small Cap Low Volatility Index ETF,SPDR,0.12,264050000.0,Equity,,State Street® US Small Cap Low Volatility Index,2.17,US78468R8878,SPDR
XLK,State Street® Technology Select Sector SPDR® ETF,SPDR,0.08,122764120000.0,Equity,,Technology Select Sector Index,0.42,US81369Y8030,SPDR
XLKI,State Street® Technology Select Sector SPDR® Premium Income ETF,SPDR,0.35,12680000.0,Equity,,S&P 500 Index,19.0,US81369Y7875,SPDR
ULST,State Street® Ultra Short Term Bond ETF,SPDR,0.2,525980000.0,Fixed Income,,Bloomberg US Treasury Bellwether 3 Month Index,4.12,US78467V7073,SPDR
SPIN,State Street® US Equity Premium Income ETF,SPDR,0.25,48060000.0,Equity,,S&P 500 Index,4.85,US78470P8389,SPDR
XLSR,State Street® US Sector Rotation ETF,SPDR,0.7,1051490000.0,Equity,,S&P 500 Index,0.45,US78470P4081,SPDR
XLU,State Street® Utilities Select Sector SPDR® ETF,SPDR,0.08,22976120000.0,Equity,,Utilities Select Sector Index,2.71,US81369Y8865,SPDR
XLUI,State Street® Utilities Select Sector SPDR® Premium Income ETF,SPDR,0.35,26120000.0,Equity,,S&P 500 Index,14.81,US81369Y7537,SPDR
MYHA,State Street® My2027 High Yield Corporate Bond ETF,SPDR,0.39,4970000.0,Fixed Income,,ICE 2027 Maturity US High Yield Index,,US78470P5724,SPDR
MYHB,State Street® My2028 High Yield Corporate Bond ETF,SPDR,0.39,4980000.0,Fixed Income,,ICE 2028 Maturity US High Yield Index,,US78470P5641,SPDR
MYHC,State Street® My2029 High Yield Corporate Bond ETF,SPDR,0.39,5000000.0,Fixed Income,,ICE 2029 Maturity US High Yield Index,,US78470P5567,SPDR
